draw_date,first_prize_number,first1,first2,first3,last1,last2,last3,last4,source_url
2024-01-01,265900,2,26,265,0,00,900,5900,https://keralalotteryresulttoday.com/charts/yearly/2024
2024-01-02,823141,8,82,823,1,41,141,3141,https://keralalotteryresulttoday.com/charts/yearly/2024
2024-01-03,358882,3,35,358,2,82,882,8882,https://keralalotteryresulttoday.com/charts/yearly/2024
2024-01-04,107873,1,10,107,3,73,873,7873,https://keralalotteryresulttoday.com/charts/yearly/2024
2024-01-05,177277,1,17,177,7,77,277,7277,https://keralalotteryresulttoday.com/charts/yearly/2024
2024-01-06,373074,3,37,373,4,74,074,3074,https://keralalotteryresulttoday.com/charts/yearly/2024
2024-01-07,933564,9,93,933,4,64,564,3564,https://keralalotteryresulttoday.com/charts/yearly/2024
2024-01-08,329226,3,32,329,6,26,226,9226,https://keralalotteryresulttoday.com/charts/yearly/2024
2024-01-09,761080,7,76,761,0,80,080,1080,https://keralalotteryresulttoday.com/charts/yearly/2024
2024-01-10,197551,1,19,197,1,51,551,7551,https://keralalotteryresulttoday.com/charts/yearly/2024
2024-01-11,174603,1,17,174,3,03,603,4603,https://keralalotteryresulttoday.com/charts/yearly/2024
2024-01-12,175777,1,17,175,7,77,777,5777,https://keralalotteryresulttoday.com/charts/yearly/2024
2024-01-13,322071,3,32,322,1,71,071,2071,https://keralalotteryresulttoday.com/charts/yearly/2024
2024-01-14,668146,6,66,668,6,46,146,8146,https://keralalotteryresulttoday.com/charts/yearly/2024
2024-01-15,386468,3,38,386,8,68,468,6468,https://keralalotteryresulttoday.com/charts/yearly/2024
2024-01-16,857442,8,85,857,2,42,442,7442,https://keralalotteryresulttoday.com/charts/yearly/2024
2024-01-17,769255,7,76,769,5,55,255,9255,https://keralalotteryresulttoday.com/charts/yearly/2024
2024-01-18,544098,5,54,544,8,98,098,4098,https://keralalotteryresulttoday.com/charts/yearly/2024
2024-01-19,402226,4,40,402,6,26,226,2226,https://keralalotteryresulttoday.com/charts/yearly/2024
2024-01-20,707363,7,70,707,3,63,363,7363,https://keralalotteryresulttoday.com/charts/yearly/2024
2024-01-21,463774,4,46,463,4,74,774,3774,https://keralalotteryresulttoday.com/charts/yearly/2024
2024-01-22,689912,6,68,689,2,12,912,9912,https://keralalotteryresulttoday.com/charts/yearly/2024
2024-01-23,637137,6,63,637,7,37,137,7137,https://keralalotteryresulttoday.com/charts/yearly/2024
2024-01-24,224091,2,22,224,1,91,091,4091,https://keralalotteryresulttoday.com/charts/yearly/2024
2024-01-25,633955,6,63,633,5,55,955,3955,https://keralalotteryresulttoday.com/charts/yearly/2024
2024-01-27,208488,2,20,208,8,88,488,8488,https://keralalotteryresulttoday.com/charts/yearly/2024
2024-01-28,220001,2,22,220,1,01,001,0001,https://keralalotteryresulttoday.com/charts/yearly/2024
2024-01-29,905477,9,90,905,7,77,477,5477,https://keralalotteryresulttoday.com/charts/yearly/2024
2024-01-30,393750,3,39,393,0,50,750,3750,https://keralalotteryresulttoday.com/charts/yearly/2024
2024-01-31,619922,6,61,619,2,22,922,9922,https://keralalotteryresulttoday.com/charts/yearly/2024
2024-02-01,177570,1,17,177,0,70,570,7570,https://keralalotteryresulttoday.com/charts/yearly/2024
2024-02-02,737744,7,73,737,4,44,744,7744,https://keralalotteryresulttoday.com/charts/yearly/2024
2024-02-03,525224,5,52,525,4,24,224,5224,https://keralalotteryresulttoday.com/charts/yearly/2024
2024-02-04,350822,3,35,350,2,22,822,0822,https://keralalotteryresulttoday.com/charts/yearly/2024
2024-02-05,586971,5,58,586,1,71,971,6971,https://keralalotteryresulttoday.com/charts/yearly/2024
2024-02-06,206642,2,20,206,2,42,642,6642,https://keralalotteryresulttoday.com/charts/yearly/2024
2024-02-07,194901,1,19,194,1,01,901,4901,https://keralalotteryresulttoday.com/charts/yearly/2024
2024-02-08,313959,3,31,313,9,59,959,3959,https://keralalotteryresulttoday.com/charts/yearly/2024
2024-02-09,451246,4,45,451,6,46,246,1246,https://keralalotteryresulttoday.com/charts/yearly/2024
2024-02-10,690364,6,69,690,4,64,364,0364,https://keralalotteryresulttoday.com/charts/yearly/2024
2024-02-11,297608,2,29,297,8,08,608,7608,https://keralalotteryresulttoday.com/charts/yearly/2024
2024-02-12,272099,2,27,272,9,99,099,2099,https://keralalotteryresulttoday.com/charts/yearly/2024
2024-02-13,588585,5,58,588,5,85,585,8585,https://keralalotteryresulttoday.com/charts/yearly/2024
2024-02-14,243485,2,24,243,5,85,485,3485,https://keralalotteryresulttoday.com/charts/yearly/2024
2024-02-15,299857,2,29,299,7,57,857,9857,https://keralalotteryresulttoday.com/charts/yearly/2024
2024-02-16,504089,5,50,504,9,89,089,4089,https://keralalotteryresulttoday.com/charts/yearly/2024
2024-02-17,380682,3,38,380,2,82,682,0682,https://keralalotteryresulttoday.com/charts/yearly/2024
2024-02-18,209399,2,20,209,9,99,399,9399,https://keralalotteryresulttoday.com/charts/yearly/2024
2024-02-19,544773,5,54,544,3,73,773,4773,https://keralalotteryresulttoday.com/charts/yearly/2024
2024-02-20,575087,5,57,575,7,87,087,5087,https://keralalotteryresulttoday.com/charts/yearly/2024
2024-02-21,295690,2,29,295,0,90,690,5690,https://keralalotteryresulttoday.com/charts/yearly/2024
2024-02-22,329554,3,32,329,4,54,554,9554,https://keralalotteryresulttoday.com/charts/yearly/2024
2024-02-23,361894,3,36,361,4,94,894,1894,https://keralalotteryresulttoday.com/charts/yearly/2024
2024-02-24,136339,1,13,136,9,39,339,6339,https://keralalotteryresulttoday.com/charts/yearly/2024
2024-02-25,135575,1,13,135,5,75,575,5575,https://keralalotteryresulttoday.com/charts/yearly/2024
2024-02-26,734959,7,73,734,9,59,959,4959,https://keralalotteryresulttoday.com/charts/yearly/2024
2024-02-27,640265,6,64,640,5,65,265,0265,https://keralalotteryresulttoday.com/charts/yearly/2024
2024-02-28,738928,7,73,738,8,28,928,8928,https://keralalotteryresulttoday.com/charts/yearly/2024
2024-02-29,299699,2,29,299,9,99,699,9699,https://keralalotteryresulttoday.com/charts/yearly/2024
2024-03-01,889140,8,88,889,0,40,140,9140,https://keralalotteryresulttoday.com/charts/yearly/2024
2024-03-02,886529,8,88,886,9,29,529,6529,https://keralalotteryresulttoday.com/charts/yearly/2024
2024-03-03,750171,7,75,750,1,71,171,0171,https://keralalotteryresulttoday.com/charts/yearly/2024
2024-03-04,506100,5,50,506,0,00,100,6100,https://keralalotteryresulttoday.com/charts/yearly/2024
2024-03-05,959785,9,95,959,5,85,785,9785,https://keralalotteryresulttoday.com/charts/yearly/2024
2024-03-06,209861,2,20,209,1,61,861,9861,https://keralalotteryresulttoday.com/charts/yearly/2024
2024-03-07,649925,6,64,649,5,25,925,9925,https://keralalotteryresulttoday.com/charts/yearly/2024
2024-03-08,779092,7,77,779,2,92,092,9092,https://keralalotteryresulttoday.com/charts/yearly/2024
2024-03-09,594080,5,59,594,0,80,080,4080,https://keralalotteryresulttoday.com/charts/yearly/2024
2024-03-10,945870,9,94,945,0,70,870,5870,https://keralalotteryresulttoday.com/charts/yearly/2024
2024-03-11,420764,4,42,420,4,64,764,0764,https://keralalotteryresulttoday.com/charts/yearly/2024
2024-03-12,243795,2,24,243,5,95,795,3795,https://keralalotteryresulttoday.com/charts/yearly/2024
2024-03-13,263834,2,26,263,4,34,834,3834,https://keralalotteryresulttoday.com/charts/yearly/2024
2024-03-14,146330,1,14,146,0,30,330,6330,https://keralalotteryresulttoday.com/charts/yearly/2024
2024-03-15,928702,9,92,928,2,02,702,8702,https://keralalotteryresulttoday.com/charts/yearly/2024
2024-03-16,177710,1,17,177,0,10,710,7710,https://keralalotteryresulttoday.com/charts/yearly/2024
2024-03-17,232237,2,23,232,7,37,237,2237,https://keralalotteryresulttoday.com/charts/yearly/2024
2024-03-18,679765,6,67,679,5,65,765,9765,https://keralalotteryresulttoday.com/charts/yearly/2024
2024-03-19,519006,5,51,519,6,06,006,9006,https://keralalotteryresulttoday.com/charts/yearly/2024
2024-03-20,813150,8,81,813,0,50,150,3150,https://keralalotteryresulttoday.com/charts/yearly/2024
2024-03-21,171484,1,17,171,4,84,484,1484,https://keralalotteryresulttoday.com/charts/yearly/2024
2024-03-22,208934,2,20,208,4,34,934,8934,https://keralalotteryresulttoday.com/charts/yearly/2024
2024-03-23,640177,6,64,640,7,77,177,0177,https://keralalotteryresulttoday.com/charts/yearly/2024
2024-03-24,175020,1,17,175,0,20,020,5020,https://keralalotteryresulttoday.com/charts/yearly/2024
2024-03-25,548159,5,54,548,9,59,159,8159,https://keralalotteryresulttoday.com/charts/yearly/2024
2024-03-26,648015,6,64,648,5,15,015,8015,https://keralalotteryresulttoday.com/charts/yearly/2024
2024-03-27,308797,3,30,308,7,97,797,8797,https://keralalotteryresulttoday.com/charts/yearly/2024
2024-03-28,675683,6,67,675,3,83,683,5683,https://keralalotteryresulttoday.com/charts/yearly/2024
2024-03-29,581618,5,58,581,8,18,618,1618,https://keralalotteryresulttoday.com/charts/yearly/2024
2024-03-30,160502,1,16,160,2,02,502,0502,https://keralalotteryresulttoday.com/charts/yearly/2024
2024-03-31,884507,8,88,884,7,07,507,4507,https://keralalotteryresulttoday.com/charts/yearly/2024
2024-04-01,202833,2,20,202,3,33,833,2833,https://keralalotteryresulttoday.com/charts/yearly/2024
2024-04-02,161209,1,16,161,9,09,209,1209,https://keralalotteryresulttoday.com/charts/yearly/2024
2024-04-03,506256,5,50,506,6,56,256,6256,https://keralalotteryresulttoday.com/charts/yearly/2024
2024-04-04,392107,3,39,392,7,07,107,2107,https://keralalotteryresulttoday.com/charts/yearly/2024
2024-04-05,994936,9,99,994,6,36,936,4936,https://keralalotteryresulttoday.com/charts/yearly/2024
2024-04-06,915887,9,91,915,7,87,887,5887,https://keralalotteryresulttoday.com/charts/yearly/2024
2024-04-07,174158,1,17,174,8,58,158,4158,https://keralalotteryresulttoday.com/charts/yearly/2024
2024-04-08,644531,6,64,644,1,31,531,4531,https://keralalotteryresulttoday.com/charts/yearly/2024
2024-04-09,917452,9,91,917,2,52,452,7452,https://keralalotteryresulttoday.com/charts/yearly/2024
2024-04-10,744948,7,74,744,8,48,948,4948,https://keralalotteryresulttoday.com/charts/yearly/2024
2024-04-11,239751,2,23,239,1,51,751,9751,https://keralalotteryresulttoday.com/charts/yearly/2024
2024-04-12,407408,4,40,407,8,08,408,7408,https://keralalotteryresulttoday.com/charts/yearly/2024
2024-04-13,409399,4,40,409,9,99,399,9399,https://keralalotteryresulttoday.com/charts/yearly/2024
2024-04-14,193350,1,19,193,0,50,350,3350,https://keralalotteryresulttoday.com/charts/yearly/2024
2024-04-15,129908,1,12,129,8,08,908,9908,https://keralalotteryresulttoday.com/charts/yearly/2024
2024-04-16,107035,1,10,107,5,35,035,7035,https://keralalotteryresulttoday.com/charts/yearly/2024
2024-04-17,239020,2,23,239,0,20,020,9020,https://keralalotteryresulttoday.com/charts/yearly/2024
2024-04-18,444254,4,44,444,4,54,254,4254,https://keralalotteryresulttoday.com/charts/yearly/2024
2024-04-19,278421,2,27,278,1,21,421,8421,https://keralalotteryresulttoday.com/charts/yearly/2024
2024-04-20,942669,9,94,942,9,69,669,2669,https://keralalotteryresulttoday.com/charts/yearly/2024
2024-04-21,897550,8,89,897,0,50,550,7550,https://keralalotteryresulttoday.com/charts/yearly/2024
2024-04-22,650269,6,65,650,9,69,269,0269,https://keralalotteryresulttoday.com/charts/yearly/2024
2024-04-23,243262,2,24,243,2,62,262,3262,https://keralalotteryresulttoday.com/charts/yearly/2024
2024-04-24,500552,5,50,500,2,52,552,0552,https://keralalotteryresulttoday.com/charts/yearly/2024
2024-04-25,835041,8,83,835,1,41,041,5041,https://keralalotteryresulttoday.com/charts/yearly/2024
2024-04-26,455750,4,45,455,0,50,750,5750,https://keralalotteryresulttoday.com/charts/yearly/2024
2024-04-27,856295,8,85,856,5,95,295,6295,https://keralalotteryresulttoday.com/charts/yearly/2024
2024-04-28,815501,8,81,815,1,01,501,5501,https://keralalotteryresulttoday.com/charts/yearly/2024
2024-04-29,479772,4,47,479,2,72,772,9772,https://keralalotteryresulttoday.com/charts/yearly/2024
2024-04-30,720388,7,72,720,8,88,388,0388,https://keralalotteryresulttoday.com/charts/yearly/2024
2024-05-02,168524,1,16,168,4,24,524,8524,https://keralalotteryresulttoday.com/charts/yearly/2024
2024-05-03,970249,9,97,970,9,49,249,0249,https://keralalotteryresulttoday.com/charts/yearly/2024
2024-05-04,904183,9,90,904,3,83,183,4183,https://keralalotteryresulttoday.com/charts/yearly/2024
2024-05-05,499424,4,49,499,4,24,424,9424,https://keralalotteryresulttoday.com/charts/yearly/2024
2024-05-06,618789,6,61,618,9,89,789,8789,https://keralalotteryresulttoday.com/charts/yearly/2024
2024-05-07,870457,8,87,870,7,57,457,0457,https://keralalotteryresulttoday.com/charts/yearly/2024
2024-05-08,606517,6,60,606,7,17,517,6517,https://keralalotteryresulttoday.com/charts/yearly/2024
2024-05-09,815510,8,81,815,0,10,510,5510,https://keralalotteryresulttoday.com/charts/yearly/2024
2024-05-10,488286,4,48,488,6,86,286,8286,https://keralalotteryresulttoday.com/charts/yearly/2024
2024-05-11,998730,9,99,998,0,30,730,8730,https://keralalotteryresulttoday.com/charts/yearly/2024
2024-05-12,248577,2,24,248,7,77,577,8577,https://keralalotteryresulttoday.com/charts/yearly/2024
2024-05-13,743663,7,74,743,3,63,663,3663,https://keralalotteryresulttoday.com/charts/yearly/2024
2024-05-14,758528,7,75,758,8,28,528,8528,https://keralalotteryresulttoday.com/charts/yearly/2024
2024-05-15,348822,3,34,348,2,22,822,8822,https://keralalotteryresulttoday.com/charts/yearly/2024
2024-05-16,450101,4,45,450,1,01,101,0101,https://keralalotteryresulttoday.com/charts/yearly/2024
2024-05-17,432775,4,43,432,5,75,775,2775,https://keralalotteryresulttoday.com/charts/yearly/2024
2024-05-18,110135,1,11,110,5,35,135,0135,https://keralalotteryresulttoday.com/charts/yearly/2024
2024-05-19,564449,5,56,564,9,49,449,4449,https://keralalotteryresulttoday.com/charts/yearly/2024
2024-05-20,808574,8,80,808,4,74,574,8574,https://keralalotteryresulttoday.com/charts/yearly/2024
2024-05-21,486319,4,48,486,9,19,319,6319,https://keralalotteryresulttoday.com/charts/yearly/2024
2024-05-22,179242,1,17,179,2,42,242,9242,https://keralalotteryresulttoday.com/charts/yearly/2024
2024-05-23,549427,5,54,549,7,27,427,9427,https://keralalotteryresulttoday.com/charts/yearly/2024
2024-05-24,533367,5,53,533,7,67,367,3367,https://keralalotteryresulttoday.com/charts/yearly/2024
2024-05-25,692542,6,69,692,2,42,542,2542,https://keralalotteryresulttoday.com/charts/yearly/2024
2024-05-26,592783,5,59,592,3,83,783,2783,https://keralalotteryresulttoday.com/charts/yearly/2024
2024-05-27,420244,4,42,420,4,44,244,0244,https://keralalotteryresulttoday.com/charts/yearly/2024
2024-05-28,986255,9,98,986,5,55,255,6255,https://keralalotteryresulttoday.com/charts/yearly/2024
2024-05-29,490987,4,49,490,7,87,987,0987,https://keralalotteryresulttoday.com/charts/yearly/2024
2024-05-30,879035,8,87,879,5,35,035,9035,https://keralalotteryresulttoday.com/charts/yearly/2024
2024-05-31,676585,6,67,676,5,85,585,6585,https://keralalotteryresulttoday.com/charts/yearly/2024
2024-06-01,915949,9,91,915,9,49,949,5949,https://keralalotteryresulttoday.com/charts/yearly/2024
2024-06-02,235952,2,23,235,2,52,952,5952,https://keralalotteryresulttoday.com/charts/yearly/2024
2024-06-03,833495,8,83,833,5,95,495,3495,https://keralalotteryresulttoday.com/charts/yearly/2024
2024-06-04,519665,5,51,519,5,65,665,9665,https://keralalotteryresulttoday.com/charts/yearly/2024
2024-06-05,472138,4,47,472,8,38,138,2138,https://keralalotteryresulttoday.com/charts/yearly/2024
2024-06-06,203578,2,20,203,8,78,578,3578,https://keralalotteryresulttoday.com/charts/yearly/2024
2024-06-07,585205,5,58,585,5,05,205,5205,https://keralalotteryresulttoday.com/charts/yearly/2024
2024-06-08,484910,4,48,484,0,10,910,4910,https://keralalotteryresulttoday.com/charts/yearly/2024
2024-06-09,565734,5,56,565,4,34,734,5734,https://keralalotteryresulttoday.com/charts/yearly/2024
2024-06-10,384889,3,38,384,9,89,889,4889,https://keralalotteryresulttoday.com/charts/yearly/2024
2024-06-11,372274,3,37,372,4,74,274,2274,https://keralalotteryresulttoday.com/charts/yearly/2024
2024-06-12,626574,6,62,626,4,74,574,6574,https://keralalotteryresulttoday.com/charts/yearly/2024
2024-06-13,994542,9,99,994,2,42,542,4542,https://keralalotteryresulttoday.com/charts/yearly/2024
2024-06-14,579555,5,57,579,5,55,555,9555,https://keralalotteryresulttoday.com/charts/yearly/2024
2024-06-15,860099,8,86,860,9,99,099,0099,https://keralalotteryresulttoday.com/charts/yearly/2024
2024-06-16,145065,1,14,145,5,65,065,5065,https://keralalotteryresulttoday.com/charts/yearly/2024
2024-06-17,861210,8,86,861,0,10,210,1210,https://keralalotteryresulttoday.com/charts/yearly/2024
2024-06-18,645637,6,64,645,7,37,637,5637,https://keralalotteryresulttoday.com/charts/yearly/2024
2024-06-19,425176,4,42,425,6,76,176,5176,https://keralalotteryresulttoday.com/charts/yearly/2024
2024-06-20,478754,4,47,478,4,54,754,8754,https://keralalotteryresulttoday.com/charts/yearly/2024
2024-06-21,578950,5,57,578,0,50,950,8950,https://keralalotteryresulttoday.com/charts/yearly/2024
2024-06-22,505251,5,50,505,1,51,251,5251,https://keralalotteryresulttoday.com/charts/yearly/2024
2024-06-23,502380,5,50,502,0,80,380,2380,https://keralalotteryresulttoday.com/charts/yearly/2024
2024-06-24,600639,6,60,600,9,39,639,0639,https://keralalotteryresulttoday.com/charts/yearly/2024
2024-06-25,918494,9,91,918,4,94,494,8494,https://keralalotteryresulttoday.com/charts/yearly/2024
2024-06-26,745885,7,74,745,5,85,885,5885,https://keralalotteryresulttoday.com/charts/yearly/2024
2024-06-27,575824,5,57,575,4,24,824,5824,https://keralalotteryresulttoday.com/charts/yearly/2024
2024-06-28,903276,9,90,903,6,76,276,3276,https://keralalotteryresulttoday.com/charts/yearly/2024
2024-06-29,947440,9,94,947,0,40,440,7440,https://keralalotteryresulttoday.com/charts/yearly/2024
2024-06-30,585027,5,58,585,7,27,027,5027,https://keralalotteryresulttoday.com/charts/yearly/2024
2024-07-01,554372,5,55,554,2,72,372,4372,https://keralalotteryresulttoday.com/charts/yearly/2024
2024-07-02,252192,2,25,252,2,92,192,2192,https://keralalotteryresulttoday.com/charts/yearly/2024
2024-07-03,236912,2,23,236,2,12,912,6912,https://keralalotteryresulttoday.com/charts/yearly/2024
2024-07-04,194682,1,19,194,2,82,682,4682,https://keralalotteryresulttoday.com/charts/yearly/2024
2024-07-05,501811,5,50,501,1,11,811,1811,https://keralalotteryresulttoday.com/charts/yearly/2024
2024-07-06,978869,9,97,978,9,69,869,8869,https://keralalotteryresulttoday.com/charts/yearly/2024
2024-07-07,456729,4,45,456,9,29,729,6729,https://keralalotteryresulttoday.com/charts/yearly/2024
2024-07-08,918331,9,91,918,1,31,331,8331,https://keralalotteryresulttoday.com/charts/yearly/2024
2024-07-09,998954,9,99,998,4,54,954,8954,https://keralalotteryresulttoday.com/charts/yearly/2024
2024-07-10,485553,4,48,485,3,53,553,5553,https://keralalotteryresulttoday.com/charts/yearly/2024
2024-07-11,502904,5,50,502,4,04,904,2904,https://keralalotteryresulttoday.com/charts/yearly/2024
2024-07-12,517538,5,51,517,8,38,538,7538,https://keralalotteryresulttoday.com/charts/yearly/2024
2024-07-13,785784,7,78,785,4,84,784,5784,https://keralalotteryresulttoday.com/charts/yearly/2024
2024-07-14,563324,5,56,563,4,24,324,3324,https://keralalotteryresulttoday.com/charts/yearly/2024
2024-07-15,114832,1,11,114,2,32,832,4832,https://keralalotteryresulttoday.com/charts/yearly/2024
2024-07-16,949878,9,94,949,8,78,878,9878,https://keralalotteryresulttoday.com/charts/yearly/2024
2024-07-17,230272,2,23,230,2,72,272,0272,https://keralalotteryresulttoday.com/charts/yearly/2024
2024-07-18,730904,7,73,730,4,04,904,0904,https://keralalotteryresulttoday.com/charts/yearly/2024
2024-07-19,901844,9,90,901,4,44,844,1844,https://keralalotteryresulttoday.com/charts/yearly/2024
2024-07-20,776535,7,77,776,5,35,535,6535,https://keralalotteryresulttoday.com/charts/yearly/2024
2024-07-21,307150,3,30,307,0,50,150,7150,https://keralalotteryresulttoday.com/charts/yearly/2024
2024-07-22,930353,9,93,930,3,53,353,0353,https://keralalotteryresulttoday.com/charts/yearly/2024
2024-07-23,118247,1,11,118,7,47,247,8247,https://keralalotteryresulttoday.com/charts/yearly/2024
2024-07-24,506060,5,50,506,0,60,060,6060,https://keralalotteryresulttoday.com/charts/yearly/2024
2024-07-25,339801,3,33,339,1,01,801,9801,https://keralalotteryresulttoday.com/charts/yearly/2024
2024-07-26,954802,9,95,954,2,02,802,4802,https://keralalotteryresulttoday.com/charts/yearly/2024
2024-07-27,920716,9,92,920,6,16,716,0716,https://keralalotteryresulttoday.com/charts/yearly/2024
2024-07-28,208368,2,20,208,8,68,368,8368,https://keralalotteryresulttoday.com/charts/yearly/2024
2024-07-29,323721,3,32,323,1,21,721,3721,https://keralalotteryresulttoday.com/charts/yearly/2024
2024-07-30,285478,2,28,285,8,78,478,5478,https://keralalotteryresulttoday.com/charts/yearly/2024
2024-07-31,769524,7,76,769,4,24,524,9524,https://keralalotteryresulttoday.com/charts/yearly/2024
2024-08-01,128212,1,12,128,2,12,212,8212,https://keralalotteryresulttoday.com/charts/yearly/2024
2024-08-02,377253,3,37,377,3,53,253,7253,https://keralalotteryresulttoday.com/charts/yearly/2024
2024-08-03,254528,2,25,254,8,28,528,4528,https://keralalotteryresulttoday.com/charts/yearly/2024
2024-08-04,622939,6,62,622,9,39,939,2939,https://keralalotteryresulttoday.com/charts/yearly/2024
2024-08-05,724506,7,72,724,6,06,506,4506,https://keralalotteryresulttoday.com/charts/yearly/2024
2024-08-06,347993,3,34,347,3,93,993,7993,https://keralalotteryresulttoday.com/charts/yearly/2024
2024-08-07,338038,3,33,338,8,38,038,8038,https://keralalotteryresulttoday.com/charts/yearly/2024
2024-08-08,395751,3,39,395,1,51,751,5751,https://keralalotteryresulttoday.com/charts/yearly/2024
2024-08-09,884654,8,88,884,4,54,654,4654,https://keralalotteryresulttoday.com/charts/yearly/2024
2024-08-10,336876,3,33,336,6,76,876,6876,https://keralalotteryresulttoday.com/charts/yearly/2024
2024-08-11,990451,9,99,990,1,51,451,0451,https://keralalotteryresulttoday.com/charts/yearly/2024
2024-08-12,389773,3,38,389,3,73,773,9773,https://keralalotteryresulttoday.com/charts/yearly/2024
2024-08-13,853246,8,85,853,6,46,246,3246,https://keralalotteryresulttoday.com/charts/yearly/2024
2024-08-14,473769,4,47,473,9,69,769,3769,https://keralalotteryresulttoday.com/charts/yearly/2024
2024-08-16,675974,6,67,675,4,74,974,5974,https://keralalotteryresulttoday.com/charts/yearly/2024
2024-08-17,320720,3,32,320,0,20,720,0720,https://keralalotteryresulttoday.com/charts/yearly/2024
2024-08-18,486782,4,48,486,2,82,782,6782,https://keralalotteryresulttoday.com/charts/yearly/2024
2024-08-19,373000,3,37,373,0,00,000,3000,https://keralalotteryresulttoday.com/charts/yearly/2024
2024-08-20,942404,9,94,942,4,04,404,2404,https://keralalotteryresulttoday.com/charts/yearly/2024
2024-08-21,427542,4,42,427,2,42,542,7542,https://keralalotteryresulttoday.com/charts/yearly/2024
2024-08-22,280026,2,28,280,6,26,026,0026,https://keralalotteryresulttoday.com/charts/yearly/2024
2024-08-23,609915,6,60,609,5,15,915,9915,https://keralalotteryresulttoday.com/charts/yearly/2024
2024-08-24,579652,5,57,579,2,52,652,9652,https://keralalotteryresulttoday.com/charts/yearly/2024
2024-08-25,490210,4,49,490,0,10,210,0210,https://keralalotteryresulttoday.com/charts/yearly/2024
2024-08-26,770249,7,77,770,9,49,249,0249,https://keralalotteryresulttoday.com/charts/yearly/2024
2024-08-27,386415,3,38,386,5,15,415,6415,https://keralalotteryresulttoday.com/charts/yearly/2024
2024-08-28,188982,1,18,188,2,82,982,8982,https://keralalotteryresulttoday.com/charts/yearly/2024
2024-08-29,602476,6,60,602,6,76,476,2476,https://keralalotteryresulttoday.com/charts/yearly/2024
2024-08-30,134257,1,13,134,7,57,257,4257,https://keralalotteryresulttoday.com/charts/yearly/2024
2024-08-31,895595,8,89,895,5,95,595,5595,https://keralalotteryresulttoday.com/charts/yearly/2024
2024-09-01,267803,2,26,267,3,03,803,7803,https://keralalotteryresulttoday.com/charts/yearly/2024
2024-09-02,315068,3,31,315,8,68,068,5068,https://keralalotteryresulttoday.com/charts/yearly/2024
2024-09-03,848007,8,84,848,7,07,007,8007,https://keralalotteryresulttoday.com/charts/yearly/2024
2024-09-04,298935,2,29,298,5,35,935,8935,https://keralalotteryresulttoday.com/charts/yearly/2024
2024-09-05,649722,6,64,649,2,22,722,9722,https://keralalotteryresulttoday.com/charts/yearly/2024
2024-09-06,211295,2,21,211,5,95,295,1295,https://keralalotteryresulttoday.com/charts/yearly/2024
2024-09-07,845385,8,84,845,5,85,385,5385,https://keralalotteryresulttoday.com/charts/yearly/2024
2024-09-08,240975,2,24,240,5,75,975,0975,https://keralalotteryresulttoday.com/charts/yearly/2024
2024-09-09,181272,1,18,181,2,72,272,1272,https://keralalotteryresulttoday.com/charts/yearly/2024
2024-09-10,416465,4,41,416,5,65,465,6465,https://keralalotteryresulttoday.com/charts/yearly/2024
2024-09-11,809978,8,80,809,8,78,978,9978,https://keralalotteryresulttoday.com/charts/yearly/2024
2024-09-12,329312,3,32,329,2,12,312,9312,https://keralalotteryresulttoday.com/charts/yearly/2024
2024-09-13,834020,8,83,834,0,20,020,4020,https://keralalotteryresulttoday.com/charts/yearly/2024
2024-09-14,475528,4,47,475,8,28,528,5528,https://keralalotteryresulttoday.com/charts/yearly/2024
2024-09-16,376244,3,37,376,4,44,244,6244,https://keralalotteryresulttoday.com/charts/yearly/2024
2024-09-17,129053,1,12,129,3,53,053,9053,https://keralalotteryresulttoday.com/charts/yearly/2024
2024-09-18,706001,7,70,706,1,01,001,6001,https://keralalotteryresulttoday.com/charts/yearly/2024
2024-09-19,178754,1,17,178,4,54,754,8754,https://keralalotteryresulttoday.com/charts/yearly/2024
2024-09-20,898315,8,89,898,5,15,315,8315,https://keralalotteryresulttoday.com/charts/yearly/2024
2024-09-21,644906,6,64,644,6,06,906,4906,https://keralalotteryresulttoday.com/charts/yearly/2024
2024-09-22,637750,6,63,637,0,50,750,7750,https://keralalotteryresulttoday.com/charts/yearly/2024
2024-09-23,655547,6,65,655,7,47,547,5547,https://keralalotteryresulttoday.com/charts/yearly/2024
2024-09-24,615458,6,61,615,8,58,458,5458,https://keralalotteryresulttoday.com/charts/yearly/2024
2024-09-25,212949,2,21,212,9,49,949,2949,https://keralalotteryresulttoday.com/charts/yearly/2024
2024-09-26,689904,6,68,689,4,04,904,9904,https://keralalotteryresulttoday.com/charts/yearly/2024
2024-09-27,948447,9,94,948,7,47,447,8447,https://keralalotteryresulttoday.com/charts/yearly/2024
2024-09-28,345463,3,34,345,3,63,463,5463,https://keralalotteryresulttoday.com/charts/yearly/2024
2024-09-29,681579,6,68,681,9,79,579,1579,https://keralalotteryresulttoday.com/charts/yearly/2024
2024-09-30,752253,7,75,752,3,53,253,2253,https://keralalotteryresulttoday.com/charts/yearly/2024
2024-10-01,115043,1,11,115,3,43,043,5043,https://keralalotteryresulttoday.com/charts/yearly/2024
2024-10-03,376453,3,37,376,3,53,453,6453,https://keralalotteryresulttoday.com/charts/yearly/2024
2024-10-04,506852,5,50,506,2,52,852,6852,https://keralalotteryresulttoday.com/charts/yearly/2024
2024-10-05,790019,7,79,790,9,19,019,0019,https://keralalotteryresulttoday.com/charts/yearly/2024
2024-10-06,485746,4,48,485,6,46,746,5746,https://keralalotteryresulttoday.com/charts/yearly/2024
2024-10-07,768946,7,76,768,6,46,946,8946,https://keralalotteryresulttoday.com/charts/yearly/2024
2024-10-08,121169,1,12,121,9,69,169,1169,https://keralalotteryresulttoday.com/charts/yearly/2024
2024-10-09,434222,4,43,434,2,22,222,4222,https://keralalotteryresulttoday.com/charts/yearly/2024
2024-10-10,937679,9,93,937,9,79,679,7679,https://keralalotteryresulttoday.com/charts/yearly/2024
2024-10-11,967262,9,96,967,2,62,262,7262,https://keralalotteryresulttoday.com/charts/yearly/2024
2024-10-12,969212,9,96,969,2,12,212,9212,https://keralalotteryresulttoday.com/charts/yearly/2024
2024-10-13,127562,1,12,127,2,62,562,7562,https://keralalotteryresulttoday.com/charts/yearly/2024
2024-10-14,319632,3,31,319,2,32,632,9632,https://keralalotteryresulttoday.com/charts/yearly/2024
2024-10-15,348922,3,34,348,2,22,922,8922,https://keralalotteryresulttoday.com/charts/yearly/2024
2024-10-16,478593,4,47,478,3,93,593,8593,https://keralalotteryresulttoday.com/charts/yearly/2024
2024-10-17,759965,7,75,759,5,65,965,9965,https://keralalotteryresulttoday.com/charts/yearly/2024
2024-10-18,961469,9,96,961,9,69,469,1469,https://keralalotteryresulttoday.com/charts/yearly/2024
2024-10-19,107065,1,10,107,5,65,065,7065,https://keralalotteryresulttoday.com/charts/yearly/2024
2024-10-20,909787,9,90,909,7,87,787,9787,https://keralalotteryresulttoday.com/charts/yearly/2024
2024-10-21,285065,2,28,285,5,65,065,5065,https://keralalotteryresulttoday.com/charts/yearly/2024
2024-10-22,612385,6,61,612,5,85,385,2385,https://keralalotteryresulttoday.com/charts/yearly/2024
2024-10-23,180542,1,18,180,2,42,542,0542,https://keralalotteryresulttoday.com/charts/yearly/2024
2024-10-24,566681,5,56,566,1,81,681,6681,https://keralalotteryresulttoday.com/charts/yearly/2024
2024-10-25,336842,3,33,336,2,42,842,6842,https://keralalotteryresulttoday.com/charts/yearly/2024
2024-10-26,819787,8,81,819,7,87,787,9787,https://keralalotteryresulttoday.com/charts/yearly/2024
2024-10-27,432099,4,43,432,9,99,099,2099,https://keralalotteryresulttoday.com/charts/yearly/2024
2024-10-28,537132,5,53,537,2,32,132,7132,https://keralalotteryresulttoday.com/charts/yearly/2024
2024-10-29,428899,4,42,428,9,99,899,8899,https://keralalotteryresulttoday.com/charts/yearly/2024
2024-10-30,314374,3,31,314,4,74,374,4374,https://keralalotteryresulttoday.com/charts/yearly/2024
2024-10-31,252136,2,25,252,6,36,136,2136,https://keralalotteryresulttoday.com/charts/yearly/2024
2024-11-01,619722,6,61,619,2,22,722,9722,https://keralalotteryresulttoday.com/charts/yearly/2024
2024-11-02,133089,1,13,133,9,89,089,3089,https://keralalotteryresulttoday.com/charts/yearly/2024
2024-11-03,507742,5,50,507,2,42,742,7742,https://keralalotteryresulttoday.com/charts/yearly/2024
2024-11-04,281146,2,28,281,6,46,146,1146,https://keralalotteryresulttoday.com/charts/yearly/2024
2024-11-05,770782,7,77,770,2,82,782,0782,https://keralalotteryresulttoday.com/charts/yearly/2024
2024-11-06,167165,1,16,167,5,65,165,7165,https://keralalotteryresulttoday.com/charts/yearly/2024
2024-11-07,561102,5,56,561,2,02,102,1102,https://keralalotteryresulttoday.com/charts/yearly/2024
2024-11-08,524074,5,52,524,4,74,074,4074,https://keralalotteryresulttoday.com/charts/yearly/2024
2024-11-09,506517,5,50,506,7,17,517,6517,https://keralalotteryresulttoday.com/charts/yearly/2024
2024-11-10,117591,1,11,117,1,91,591,7591,https://keralalotteryresulttoday.com/charts/yearly/2024
2024-11-11,590871,5,59,590,1,71,871,0871,https://keralalotteryresulttoday.com/charts/yearly/2024
2024-11-12,538427,5,53,538,7,27,427,8427,https://keralalotteryresulttoday.com/charts/yearly/2024
2024-11-13,824838,8,82,824,8,38,838,4838,https://keralalotteryresulttoday.com/charts/yearly/2024
2024-11-14,305248,3,30,305,8,48,248,5248,https://keralalotteryresulttoday.com/charts/yearly/2024
2024-11-15,297425,2,29,297,5,25,425,7425,https://keralalotteryresulttoday.com/charts/yearly/2024
2024-11-16,729245,7,72,729,5,45,245,9245,https://keralalotteryresulttoday.com/charts/yearly/2024
2024-11-17,759139,7,75,759,9,39,139,9139,https://keralalotteryresulttoday.com/charts/yearly/2024
2024-11-18,826729,8,82,826,9,29,729,6729,https://keralalotteryresulttoday.com/charts/yearly/2024
2024-11-19,227485,2,22,227,5,85,485,7485,https://keralalotteryresulttoday.com/charts/yearly/2024
2024-11-20,429216,4,42,429,6,16,216,9216,https://keralalotteryresulttoday.com/charts/yearly/2024
2024-11-21,592907,5,59,592,7,07,907,2907,https://keralalotteryresulttoday.com/charts/yearly/2024
2024-11-22,630163,6,63,630,3,63,163,0163,https://keralalotteryresulttoday.com/charts/yearly/2024
2024-11-23,523994,5,52,523,4,94,994,3994,https://keralalotteryresulttoday.com/charts/yearly/2024
2024-11-24,260287,2,26,260,7,87,287,0287,https://keralalotteryresulttoday.com/charts/yearly/2024
2024-11-25,619287,6,61,619,7,87,287,9287,https://keralalotteryresulttoday.com/charts/yearly/2024
2024-11-26,149503,1,14,149,3,03,503,9503,https://keralalotteryresulttoday.com/charts/yearly/2024
2024-11-27,574899,5,57,574,9,99,899,4899,https://keralalotteryresulttoday.com/charts/yearly/2024
2024-11-28,188169,1,18,188,9,69,169,8169,https://keralalotteryresulttoday.com/charts/yearly/2024
2024-11-29,346652,3,34,346,2,52,652,6652,https://keralalotteryresulttoday.com/charts/yearly/2024
2024-11-30,429654,4,42,429,4,54,654,9654,https://keralalotteryresulttoday.com/charts/yearly/2024
2024-12-01,506035,5,50,506,5,35,035,6035,https://keralalotteryresulttoday.com/charts/yearly/2024
2024-12-02,334811,3,33,334,1,11,811,4811,https://keralalotteryresulttoday.com/charts/yearly/2024
2024-12-03,723784,7,72,723,4,84,784,3784,https://keralalotteryresulttoday.com/charts/yearly/2024
2024-12-04,325526,3,32,325,6,26,526,5526,https://keralalotteryresulttoday.com/charts/yearly/2024
2024-12-05,829065,8,82,829,5,65,065,9065,https://keralalotteryresulttoday.com/charts/yearly/2024
2024-12-06,710229,7,71,710,9,29,229,0229,https://keralalotteryresulttoday.com/charts/yearly/2024
2024-12-07,652161,6,65,652,1,61,161,2161,https://keralalotteryresulttoday.com/charts/yearly/2024
2024-12-08,966347,9,96,966,7,47,347,6347,https://keralalotteryresulttoday.com/charts/yearly/2024
2024-12-09,819745,8,81,819,5,45,745,9745,https://keralalotteryresulttoday.com/charts/yearly/2024
2024-12-10,928561,9,92,928,1,61,561,8561,https://keralalotteryresulttoday.com/charts/yearly/2024
2024-12-11,701324,7,70,701,4,24,324,1324,https://keralalotteryresulttoday.com/charts/yearly/2024
2024-12-12,946089,9,94,946,9,89,089,6089,https://keralalotteryresulttoday.com/charts/yearly/2024
2024-12-13,346716,3,34,346,6,16,716,6716,https://keralalotteryresulttoday.com/charts/yearly/2024
2024-12-14,998200,9,99,998,0,00,200,8200,https://keralalotteryresulttoday.com/charts/yearly/2024
2024-12-15,728864,7,72,728,4,64,864,8864,https://keralalotteryresulttoday.com/charts/yearly/2024
2024-12-16,545874,5,54,545,4,74,874,5874,https://keralalotteryresulttoday.com/charts/yearly/2024
2024-12-17,627505,6,62,627,5,05,505,7505,https://keralalotteryresulttoday.com/charts/yearly/2024
2024-12-18,728408,7,72,728,8,08,408,8408,https://keralalotteryresulttoday.com/charts/yearly/2024
2024-12-19,331110,3,33,331,0,10,110,1110,https://keralalotteryresulttoday.com/charts/yearly/2024
2024-12-20,654969,6,65,654,9,69,969,4969,https://keralalotteryresulttoday.com/charts/yearly/2024
2024-12-21,829857,8,82,829,7,57,857,9857,https://keralalotteryresulttoday.com/charts/yearly/2024
2024-12-22,936651,9,93,936,1,51,651,6651,https://keralalotteryresulttoday.com/charts/yearly/2024
2024-12-23,283251,2,28,283,1,51,251,3251,https://keralalotteryresulttoday.com/charts/yearly/2024
2024-12-24,358098,3,35,358,8,98,098,8098,https://keralalotteryresulttoday.com/charts/yearly/2024
2024-12-25,105427,1,10,105,7,27,427,5427,https://keralalotteryresulttoday.com/charts/yearly/2024
2024-12-26,999699,9,99,999,9,99,699,9699,https://keralalotteryresulttoday.com/charts/yearly/2024
2024-12-27,648809,6,64,648,9,09,809,8809,https://keralalotteryresulttoday.com/charts/yearly/2024
2024-12-28,174096,1,17,174,6,96,096,4096,https://keralalotteryresulttoday.com/charts/yearly/2024
2024-12-29,173765,1,17,173,5,65,765,3765,https://keralalotteryresulttoday.com/charts/yearly/2024
2024-12-30,655342,6,65,655,2,42,342,5342,https://keralalotteryresulttoday.com/charts/yearly/2024
2024-12-31,841794,8,84,841,4,94,794,1794,https://keralalotteryresulttoday.com/charts/yearly/2024
2025-01-01,379675,3,37,379,5,75,675,9675,https://keralalotteryresulttoday.com/charts/yearly/2025
2025-01-02,171048,1,17,171,8,48,048,1048,https://keralalotteryresulttoday.com/charts/yearly/2025
2025-01-03,827858,8,82,827,8,58,858,7858,https://keralalotteryresulttoday.com/charts/yearly/2025
2025-01-04,258521,2,25,258,1,21,521,8521,https://keralalotteryresulttoday.com/charts/yearly/2025
2025-01-05,840995,8,84,840,5,95,995,0995,https://keralalotteryresulttoday.com/charts/yearly/2025
2025-01-06,918188,9,91,918,8,88,188,8188,https://keralalotteryresulttoday.com/charts/yearly/2025
2025-01-07,193404,1,19,193,4,04,404,3404,https://keralalotteryresulttoday.com/charts/yearly/2025
2025-01-08,303156,3,30,303,6,56,156,3156,https://keralalotteryresulttoday.com/charts/yearly/2025
2025-01-09,370854,3,37,370,4,54,854,0854,https://keralalotteryresulttoday.com/charts/yearly/2025
2025-01-10,525727,5,52,525,7,27,727,5727,https://keralalotteryresulttoday.com/charts/yearly/2025
2025-01-11,495793,4,49,495,3,93,793,5793,https://keralalotteryresulttoday.com/charts/yearly/2025
2025-01-12,846639,8,84,846,9,39,639,6639,https://keralalotteryresulttoday.com/charts/yearly/2025
2025-01-13,602998,6,60,602,8,98,998,2998,https://keralalotteryresulttoday.com/charts/yearly/2025
2025-01-14,641769,6,64,641,9,69,769,1769,https://keralalotteryresulttoday.com/charts/yearly/2025
2025-01-15,753116,7,75,753,6,16,116,3116,https://keralalotteryresulttoday.com/charts/yearly/2025
2025-01-16,586929,5,58,586,9,29,929,6929,https://keralalotteryresulttoday.com/charts/yearly/2025
2025-01-17,873570,8,87,873,0,70,570,3570,https://keralalotteryresulttoday.com/charts/yearly/2025
2025-01-18,584474,5,58,584,4,74,474,4474,https://keralalotteryresulttoday.com/charts/yearly/2025
2025-01-19,278750,2,27,278,0,50,750,8750,https://keralalotteryresulttoday.com/charts/yearly/2025
2025-01-20,123416,1,12,123,6,16,416,3416,https://keralalotteryresulttoday.com/charts/yearly/2025
2025-01-21,544509,5,54,544,9,09,509,4509,https://keralalotteryresulttoday.com/charts/yearly/2025
2025-01-22,761270,7,76,761,0,70,270,1270,https://keralalotteryresulttoday.com/charts/yearly/2025
2025-01-23,236460,2,23,236,0,60,460,6460,https://keralalotteryresulttoday.com/charts/yearly/2025
2025-01-24,603275,6,60,603,5,75,275,3275,https://keralalotteryresulttoday.com/charts/yearly/2025
2025-01-25,162254,1,16,162,4,54,254,2254,https://keralalotteryresulttoday.com/charts/yearly/2025
2025-01-27,933705,9,93,933,5,05,705,3705,https://keralalotteryresulttoday.com/charts/yearly/2025
2025-01-28,610554,6,61,610,4,54,554,0554,https://keralalotteryresulttoday.com/charts/yearly/2025
2025-01-29,378982,3,37,378,2,82,982,8982,https://keralalotteryresulttoday.com/charts/yearly/2025
2025-01-30,108857,1,10,108,7,57,857,8857,https://keralalotteryresulttoday.com/charts/yearly/2025
2025-01-31,318374,3,31,318,4,74,374,8374,https://keralalotteryresulttoday.com/charts/yearly/2025
2025-02-01,344245,3,34,344,5,45,245,4245,https://keralalotteryresulttoday.com/charts/yearly/2025
2025-02-02,706478,7,70,706,8,78,478,6478,https://keralalotteryresulttoday.com/charts/yearly/2025
2025-02-03,213866,2,21,213,6,66,866,3866,https://keralalotteryresulttoday.com/charts/yearly/2025
2025-02-04,726092,7,72,726,2,92,092,6092,https://keralalotteryresulttoday.com/charts/yearly/2025
2025-02-05,387132,3,38,387,2,32,132,7132,https://keralalotteryresulttoday.com/charts/yearly/2025
2025-02-06,706299,7,70,706,9,99,299,6299,https://keralalotteryresulttoday.com/charts/yearly/2025
2025-02-07,402137,4,40,402,7,37,137,2137,https://keralalotteryresulttoday.com/charts/yearly/2025
2025-02-08,876484,8,87,876,4,84,484,6484,https://keralalotteryresulttoday.com/charts/yearly/2025
2025-02-09,323600,3,32,323,0,00,600,3600,https://keralalotteryresulttoday.com/charts/yearly/2025
2025-02-10,740168,7,74,740,8,68,168,0168,https://keralalotteryresulttoday.com/charts/yearly/2025
2025-02-11,838612,8,83,838,2,12,612,8612,https://keralalotteryresulttoday.com/charts/yearly/2025
2025-02-12,456282,4,45,456,2,82,282,6282,https://keralalotteryresulttoday.com/charts/yearly/2025
2025-02-13,678480,6,67,678,0,80,480,8480,https://keralalotteryresulttoday.com/charts/yearly/2025
2025-02-14,475398,4,47,475,8,98,398,5398,https://keralalotteryresulttoday.com/charts/yearly/2025
2025-02-15,694997,6,69,694,7,97,997,4997,https://keralalotteryresulttoday.com/charts/yearly/2025
2025-02-16,401876,4,40,401,6,76,876,1876,https://keralalotteryresulttoday.com/charts/yearly/2025
2025-02-17,472768,4,47,472,8,68,768,2768,https://keralalotteryresulttoday.com/charts/yearly/2025
2025-02-18,678890,6,67,678,0,90,890,8890,https://keralalotteryresulttoday.com/charts/yearly/2025
2025-02-19,249155,2,24,249,5,55,155,9155,https://keralalotteryresulttoday.com/charts/yearly/2025
2025-02-20,665237,6,66,665,7,37,237,5237,https://keralalotteryresulttoday.com/charts/yearly/2025
2025-02-21,286610,2,28,286,0,10,610,6610,https://keralalotteryresulttoday.com/charts/yearly/2025
2025-02-22,945869,9,94,945,9,69,869,5869,https://keralalotteryresulttoday.com/charts/yearly/2025
2025-02-23,300562,3,30,300,2,62,562,0562,https://keralalotteryresulttoday.com/charts/yearly/2025
2025-02-24,224496,2,22,224,6,96,496,4496,https://keralalotteryresulttoday.com/charts/yearly/2025
2025-02-25,479575,4,47,479,5,75,575,9575,https://keralalotteryresulttoday.com/charts/yearly/2025
2025-02-26,400431,4,40,400,1,31,431,0431,https://keralalotteryresulttoday.com/charts/yearly/2025
2025-02-27,332063,3,33,332,3,63,063,2063,https://keralalotteryresulttoday.com/charts/yearly/2025
2025-02-28,627991,6,62,627,1,91,991,7991,https://keralalotteryresulttoday.com/charts/yearly/2025
2025-03-01,242127,2,24,242,7,27,127,2127,https://keralalotteryresulttoday.com/charts/yearly/2025
2025-03-02,304976,3,30,304,6,76,976,4976,https://keralalotteryresulttoday.com/charts/yearly/2025
2025-03-03,155804,1,15,155,4,04,804,5804,https://keralalotteryresulttoday.com/charts/yearly/2025
2025-03-04,279979,2,27,279,9,79,979,9979,https://keralalotteryresulttoday.com/charts/yearly/2025
2025-03-05,796564,7,79,796,4,64,564,6564,https://keralalotteryresulttoday.com/charts/yearly/2025
2025-03-06,639432,6,63,639,2,32,432,9432,https://keralalotteryresulttoday.com/charts/yearly/2025
2025-03-07,789821,7,78,789,1,21,821,9821,https://keralalotteryresulttoday.com/charts/yearly/2025
2025-03-08,264145,2,26,264,5,45,145,4145,https://keralalotteryresulttoday.com/charts/yearly/2025
2025-03-09,864255,8,86,864,5,55,255,4255,https://keralalotteryresulttoday.com/charts/yearly/2025
2025-03-10,209581,2,20,209,1,81,581,9581,https://keralalotteryresulttoday.com/charts/yearly/2025
2025-03-11,602245,6,60,602,5,45,245,2245,https://keralalotteryresulttoday.com/charts/yearly/2025
2025-03-12,375864,3,37,375,4,64,864,5864,https://keralalotteryresulttoday.com/charts/yearly/2025
2025-03-13,824501,8,82,824,1,01,501,4501,https://keralalotteryresulttoday.com/charts/yearly/2025
2025-03-14,379448,3,37,379,8,48,448,9448,https://keralalotteryresulttoday.com/charts/yearly/2025
2025-03-15,438123,4,43,438,3,23,123,8123,https://keralalotteryresulttoday.com/charts/yearly/2025
2025-03-16,498089,4,49,498,9,89,089,8089,https://keralalotteryresulttoday.com/charts/yearly/2025
2025-03-17,659533,6,65,659,3,33,533,9533,https://keralalotteryresulttoday.com/charts/yearly/2025
2025-03-18,237071,2,23,237,1,71,071,7071,https://keralalotteryresulttoday.com/charts/yearly/2025
2025-03-19,748920,7,74,748,0,20,920,8920,https://keralalotteryresulttoday.com/charts/yearly/2025
2025-03-20,379356,3,37,379,6,56,356,9356,https://keralalotteryresulttoday.com/charts/yearly/2025
2025-03-21,388649,3,38,388,9,49,649,8649,https://keralalotteryresulttoday.com/charts/yearly/2025
2025-03-22,906545,9,90,906,5,45,545,6545,https://keralalotteryresulttoday.com/charts/yearly/2025
2025-03-23,707158,7,70,707,8,58,158,7158,https://keralalotteryresulttoday.com/charts/yearly/2025
2025-03-24,458016,4,45,458,6,16,016,8016,https://keralalotteryresulttoday.com/charts/yearly/2025
2025-03-25,273137,2,27,273,7,37,137,3137,https://keralalotteryresulttoday.com/charts/yearly/2025
2025-03-26,471230,4,47,471,0,30,230,1230,https://keralalotteryresulttoday.com/charts/yearly/2025
2025-03-27,997621,9,99,997,1,21,621,7621,https://keralalotteryresulttoday.com/charts/yearly/2025
2025-03-28,191941,1,19,191,1,41,941,1941,https://keralalotteryresulttoday.com/charts/yearly/2025
2025-03-29,420046,4,42,420,6,46,046,0046,https://keralalotteryresulttoday.com/charts/yearly/2025
2025-03-30,422035,4,42,422,5,35,035,2035,https://keralalotteryresulttoday.com/charts/yearly/2025
2025-03-31,368845,3,36,368,5,45,845,8845,https://keralalotteryresulttoday.com/charts/yearly/2025
2025-04-01,460124,4,46,460,4,24,124,0124,https://keralalotteryresulttoday.com/charts/yearly/2025
2025-04-02,513715,5,51,513,5,15,715,3715,https://keralalotteryresulttoday.com/charts/yearly/2025
2025-04-03,345148,3,34,345,8,48,148,5148,https://keralalotteryresulttoday.com/charts/yearly/2025
2025-04-04,216211,2,21,216,1,11,211,6211,https://keralalotteryresulttoday.com/charts/yearly/2025
2025-04-05,928155,9,92,928,5,55,155,8155,https://keralalotteryresulttoday.com/charts/yearly/2025
2025-04-06,465907,4,46,465,7,07,907,5907,https://keralalotteryresulttoday.com/charts/yearly/2025
2025-04-07,808430,8,80,808,0,30,430,8430,https://keralalotteryresulttoday.com/charts/yearly/2025
2025-04-08,298420,2,29,298,0,20,420,8420,https://keralalotteryresulttoday.com/charts/yearly/2025
2025-04-09,237122,2,23,237,2,22,122,7122,https://keralalotteryresulttoday.com/charts/yearly/2025
2025-04-10,265809,2,26,265,9,09,809,5809,https://keralalotteryresulttoday.com/charts/yearly/2025
2025-04-11,210935,2,21,210,5,35,935,0935,https://keralalotteryresulttoday.com/charts/yearly/2025
2025-04-12,871330,8,87,871,0,30,330,1330,https://keralalotteryresulttoday.com/charts/yearly/2025
2025-04-13,659096,6,65,659,6,96,096,9096,https://keralalotteryresulttoday.com/charts/yearly/2025
2025-04-14,368974,3,36,368,4,74,974,8974,https://keralalotteryresulttoday.com/charts/yearly/2025
2025-04-15,216120,2,21,216,0,20,120,6120,https://keralalotteryresulttoday.com/charts/yearly/2025
2025-04-16,579460,5,57,579,0,60,460,9460,https://keralalotteryresulttoday.com/charts/yearly/2025
2025-04-17,351400,3,35,351,0,00,400,1400,https://keralalotteryresulttoday.com/charts/yearly/2025
2025-04-18,329752,3,32,329,2,52,752,9752,https://keralalotteryresulttoday.com/charts/yearly/2025
2025-04-19,394770,3,39,394,0,70,770,4770,https://keralalotteryresulttoday.com/charts/yearly/2025
2025-04-20,888919,8,88,888,9,19,919,8919,https://keralalotteryresulttoday.com/charts/yearly/2025
2025-04-21,720120,7,72,720,0,20,120,0120,https://keralalotteryresulttoday.com/charts/yearly/2025
2025-04-22,964505,9,96,964,5,05,505,4505,https://keralalotteryresulttoday.com/charts/yearly/2025
2025-04-23,383226,3,38,383,6,26,226,3226,https://keralalotteryresulttoday.com/charts/yearly/2025
2025-04-24,240522,2,24,240,2,22,522,0522,https://keralalotteryresulttoday.com/charts/yearly/2025
2025-04-25,854962,8,85,854,2,62,962,4962,https://keralalotteryresulttoday.com/charts/yearly/2025
2025-04-26,327499,3,32,327,9,99,499,7499,https://keralalotteryresulttoday.com/charts/yearly/2025
2025-04-27,602570,6,60,602,0,70,570,2570,https://keralalotteryresulttoday.com/charts/yearly/2025
2025-04-28,889640,8,88,889,0,40,640,9640,https://keralalotteryresulttoday.com/charts/yearly/2025
2025-04-29,520423,5,52,520,3,23,423,0423,https://keralalotteryresulttoday.com/charts/yearly/2025
2025-04-30,620900,6,62,620,0,00,900,0900,https://keralalotteryresulttoday.com/charts/yearly/2025
2025-05-02,726828,7,72,726,8,28,828,6828,https://keralalotteryresulttoday.com/charts/yearly/2025
2025-05-03,179430,1,17,179,0,30,430,9430,https://keralalotteryresulttoday.com/charts/yearly/2025
2025-05-04,829012,8,82,829,2,12,012,9012,https://keralalotteryresulttoday.com/charts/yearly/2025
2025-05-05,500505,5,50,500,5,05,505,0505,https://keralalotteryresulttoday.com/charts/yearly/2025
2025-05-06,560215,5,56,560,5,15,215,0215,https://keralalotteryresulttoday.com/charts/yearly/2025
2025-05-07,819735,8,81,819,5,35,735,9735,https://keralalotteryresulttoday.com/charts/yearly/2025
2025-05-08,782442,7,78,782,2,42,442,2442,https://keralalotteryresulttoday.com/charts/yearly/2025
2025-05-09,339320,3,33,339,0,20,320,9320,https://keralalotteryresulttoday.com/charts/yearly/2025
2025-05-10,173629,1,17,173,9,29,629,3629,https://keralalotteryresulttoday.com/charts/yearly/2025
2025-05-11,368535,3,36,368,5,35,535,8535,https://keralalotteryresulttoday.com/charts/yearly/2025
2025-05-12,870939,8,87,870,9,39,939,0939,https://keralalotteryresulttoday.com/charts/yearly/2025
2025-05-13,502746,5,50,502,6,46,746,2746,https://keralalotteryresulttoday.com/charts/yearly/2025
2025-05-14,503860,5,50,503,0,60,860,3860,https://keralalotteryresulttoday.com/charts/yearly/2025
2025-05-15,527523,5,52,527,3,23,523,7523,https://keralalotteryresulttoday.com/charts/yearly/2025
2025-05-16,528610,5,52,528,0,10,610,8610,https://keralalotteryresulttoday.com/charts/yearly/2025
2025-05-17,693615,6,69,693,5,15,615,3615,https://keralalotteryresulttoday.com/charts/yearly/2025
2025-05-18,400420,4,40,400,0,20,420,0420,https://keralalotteryresulttoday.com/charts/yearly/2025
2025-05-19,586755,5,58,586,5,55,755,6755,https://keralalotteryresulttoday.com/charts/yearly/2025
2025-05-20,788753,7,78,788,3,53,753,8753,https://keralalotteryresulttoday.com/charts/yearly/2025
2025-05-21,193208,1,19,193,8,08,208,3208,https://keralalotteryresulttoday.com/charts/yearly/2025
2025-05-22,307617,3,30,307,7,17,617,7617,https://keralalotteryresulttoday.com/charts/yearly/2025
2025-05-23,171439,1,17,171,9,39,439,1439,https://keralalotteryresulttoday.com/charts/yearly/2025
2025-05-24,671411,6,67,671,1,11,411,1411,https://keralalotteryresulttoday.com/charts/yearly/2025
2025-05-25,245048,2,24,245,8,48,048,5048,https://keralalotteryresulttoday.com/charts/yearly/2025
2025-05-26,480956,4,48,480,6,56,956,0956,https://keralalotteryresulttoday.com/charts/yearly/2025
2025-05-27,423134,4,42,423,4,34,134,3134,https://keralalotteryresulttoday.com/charts/yearly/2025
2025-05-28,204266,2,20,204,6,66,266,4266,https://keralalotteryresulttoday.com/charts/yearly/2025
2025-05-29,318249,3,31,318,9,49,249,8249,https://keralalotteryresulttoday.com/charts/yearly/2025
2025-05-30,325848,3,32,325,8,48,848,5848,https://keralalotteryresulttoday.com/charts/yearly/2025
2025-05-31,514655,5,51,514,5,55,655,4655,https://keralalotteryresulttoday.com/charts/yearly/2025
2025-06-01,301061,3,30,301,1,61,061,1061,https://keralalotteryresulttoday.com/charts/yearly/2025
2025-06-02,860290,8,86,860,0,90,290,0290,https://keralalotteryresulttoday.com/charts/yearly/2025
2025-06-03,145650,1,14,145,0,50,650,5650,https://keralalotteryresulttoday.com/charts/yearly/2025
2025-06-04,103715,1,10,103,5,15,715,3715,https://keralalotteryresulttoday.com/charts/yearly/2025
2025-06-05,387017,3,38,387,7,17,017,7017,https://keralalotteryresulttoday.com/charts/yearly/2025
2025-06-06,133796,1,13,133,6,96,796,3796,https://keralalotteryresulttoday.com/charts/yearly/2025
2025-06-07,164909,1,16,164,9,09,909,4909,https://keralalotteryresulttoday.com/charts/yearly/2025
2025-06-08,187348,1,18,187,8,48,348,7348,https://keralalotteryresulttoday.com/charts/yearly/2025
2025-06-09,420044,4,42,420,4,44,044,0044,https://keralalotteryresulttoday.com/charts/yearly/2025
2025-06-10,178246,1,17,178,6,46,246,8246,https://keralalotteryresulttoday.com/charts/yearly/2025
2025-06-11,182932,1,18,182,2,32,932,2932,https://keralalotteryresulttoday.com/charts/yearly/2025
2025-06-12,782804,7,78,782,4,04,804,2804,https://keralalotteryresulttoday.com/charts/yearly/2025
2025-06-13,491023,4,49,491,3,23,023,1023,https://keralalotteryresulttoday.com/charts/yearly/2025
2025-06-14,510311,5,51,510,1,11,311,0311,https://keralalotteryresulttoday.com/charts/yearly/2025
2025-06-15,442727,4,44,442,7,27,727,2727,https://keralalotteryresulttoday.com/charts/yearly/2025
2025-06-16,109153,1,10,109,3,53,153,9153,https://keralalotteryresulttoday.com/charts/yearly/2025
2025-06-17,496927,4,49,496,7,27,927,6927,https://keralalotteryresulttoday.com/charts/yearly/2025
2025-06-18,222080,2,22,222,0,80,080,2080,https://keralalotteryresulttoday.com/charts/yearly/2025
2025-06-19,705814,7,70,705,4,14,814,5814,https://keralalotteryresulttoday.com/charts/yearly/2025
2025-06-20,181790,1,18,181,0,90,790,1790,https://keralalotteryresulttoday.com/charts/yearly/2025
2025-06-21,135197,1,13,135,7,97,197,5197,https://keralalotteryresulttoday.com/charts/yearly/2025
2025-06-22,856706,8,85,856,6,06,706,6706,https://keralalotteryresulttoday.com/charts/yearly/2025
2025-06-23,709241,7,70,709,1,41,241,9241,https://keralalotteryresulttoday.com/charts/yearly/2025
2025-06-24,883464,8,88,883,4,64,464,3464,https://keralalotteryresulttoday.com/charts/yearly/2025
2025-06-25,770015,7,77,770,5,15,015,0015,https://keralalotteryresulttoday.com/charts/yearly/2025
2025-06-26,409920,4,40,409,0,20,920,9920,https://keralalotteryresulttoday.com/charts/yearly/2025
2025-06-27,357932,3,35,357,2,32,932,7932,https://keralalotteryresulttoday.com/charts/yearly/2025
2025-06-28,577518,5,57,577,8,18,518,7518,https://keralalotteryresulttoday.com/charts/yearly/2025
2025-06-29,145666,1,14,145,6,66,666,5666,https://keralalotteryresulttoday.com/charts/yearly/2025
2025-06-30,138974,1,13,138,4,74,974,8974,https://keralalotteryresulttoday.com/charts/yearly/2025
2025-07-01,257441,2,25,257,1,41,441,7441,https://keralalotteryresulttoday.com/charts/yearly/2025
2025-07-02,350667,3,35,350,7,67,667,0667,https://keralalotteryresulttoday.com/charts/yearly/2025
2025-07-03,324114,3,32,324,4,14,114,4114,https://keralalotteryresulttoday.com/charts/yearly/2025
2025-07-04,236657,2,23,236,7,57,657,6657,https://keralalotteryresulttoday.com/charts/yearly/2025
2025-07-05,195227,1,19,195,7,27,227,5227,https://keralalotteryresulttoday.com/charts/yearly/2025
2025-07-06,501046,5,50,501,6,46,046,1046,https://keralalotteryresulttoday.com/charts/yearly/2025
2025-07-07,745119,7,74,745,9,19,119,5119,https://keralalotteryresulttoday.com/charts/yearly/2025
2025-07-08,179140,1,17,179,0,40,140,9140,https://keralalotteryresulttoday.com/charts/yearly/2025
2025-07-09,106124,1,10,106,4,24,124,6124,https://keralalotteryresulttoday.com/charts/yearly/2025
2025-07-10,344766,3,34,344,6,66,766,4766,https://keralalotteryresulttoday.com/charts/yearly/2025
2025-07-11,258561,2,25,258,1,61,561,8561,https://keralalotteryresulttoday.com/charts/yearly/2025
2025-07-12,378007,3,37,378,7,07,007,8007,https://keralalotteryresulttoday.com/charts/yearly/2025
2025-07-13,395492,3,39,395,2,92,492,5492,https://keralalotteryresulttoday.com/charts/yearly/2025
2025-07-14,220046,2,22,220,6,46,046,0046,https://keralalotteryresulttoday.com/charts/yearly/2025
2025-07-15,697278,6,69,697,8,78,278,7278,https://keralalotteryresulttoday.com/charts/yearly/2025
2025-07-16,385280,3,38,385,0,80,280,5280,https://keralalotteryresulttoday.com/charts/yearly/2025
2025-07-17,440696,4,44,440,6,96,696,0696,https://keralalotteryresulttoday.com/charts/yearly/2025
2025-07-18,634706,6,63,634,6,06,706,4706,https://keralalotteryresulttoday.com/charts/yearly/2025
2025-07-19,224817,2,22,224,7,17,817,4817,https://keralalotteryresulttoday.com/charts/yearly/2025
2025-07-20,184440,1,18,184,0,40,440,4440,https://keralalotteryresulttoday.com/charts/yearly/2025
2025-07-21,538337,5,53,538,7,37,337,8337,https://keralalotteryresulttoday.com/charts/yearly/2025
2025-07-22,238887,2,23,238,7,87,887,8887,https://keralalotteryresulttoday.com/charts/yearly/2025
2025-07-23,678572,6,67,678,2,72,572,8572,https://keralalotteryresulttoday.com/charts/yearly/2025
2025-07-24,409455,4,40,409,5,55,455,9455,https://keralalotteryresulttoday.com/charts/yearly/2025
2025-07-25,433789,4,43,433,9,89,789,3789,https://keralalotteryresulttoday.com/charts/yearly/2025
2025-07-26,954960,9,95,954,0,60,960,4960,https://keralalotteryresulttoday.com/charts/yearly/2025
2025-07-27,803045,8,80,803,5,45,045,3045,https://keralalotteryresulttoday.com/charts/yearly/2025
2025-07-28,469412,4,46,469,2,12,412,9412,https://keralalotteryresulttoday.com/charts/yearly/2025
2025-07-29,379998,3,37,379,8,98,998,9998,https://keralalotteryresulttoday.com/charts/yearly/2025
2025-07-30,277376,2,27,277,6,76,376,7376,https://keralalotteryresulttoday.com/charts/yearly/2025
2025-07-31,941597,9,94,941,7,97,597,1597,https://keralalotteryresulttoday.com/charts/yearly/2025
2025-08-01,514226,5,51,514,6,26,226,4226,https://keralalotteryresulttoday.com/charts/yearly/2025
2025-08-02,354014,3,35,354,4,14,014,4014,https://keralalotteryresulttoday.com/charts/yearly/2025
2025-08-03,677584,6,67,677,4,84,584,7584,https://keralalotteryresulttoday.com/charts/yearly/2025
2025-08-04,418177,4,41,418,7,77,177,8177,https://keralalotteryresulttoday.com/charts/yearly/2025
2025-08-05,299702,2,29,299,2,02,702,9702,https://keralalotteryresulttoday.com/charts/yearly/2025
2025-08-06,248735,2,24,248,5,35,735,8735,https://keralalotteryresulttoday.com/charts/yearly/2025
2025-08-07,612922,6,61,612,2,22,922,2922,https://keralalotteryresulttoday.com/charts/yearly/2025
2025-08-08,748405,7,74,748,5,05,405,8405,https://keralalotteryresulttoday.com/charts/yearly/2025
2025-08-09,842294,8,84,842,4,94,294,2294,https://keralalotteryresulttoday.com/charts/yearly/2025
2025-08-10,835995,8,83,835,5,95,995,5995,https://keralalotteryresulttoday.com/charts/yearly/2025
2025-08-11,631988,6,63,631,8,88,988,1988,https://keralalotteryresulttoday.com/charts/yearly/2025
2025-08-12,351367,3,35,351,7,67,367,1367,https://keralalotteryresulttoday.com/charts/yearly/2025
2025-08-13,807900,8,80,807,0,00,900,7900,https://keralalotteryresulttoday.com/charts/yearly/2025
2025-08-14,583002,5,58,583,2,02,002,3002,https://keralalotteryresulttoday.com/charts/yearly/2025
2025-08-16,445643,4,44,445,3,43,643,5643,https://keralalotteryresulttoday.com/charts/yearly/2025
2025-08-17,819960,8,81,819,0,60,960,9960,https://keralalotteryresulttoday.com/charts/yearly/2025
2025-08-18,219851,2,21,219,1,51,851,9851,https://keralalotteryresulttoday.com/charts/yearly/2025
2025-08-19,470148,4,47,470,8,48,148,0148,https://keralalotteryresulttoday.com/charts/yearly/2025
2025-08-20,613976,6,61,613,6,76,976,3976,https://keralalotteryresulttoday.com/charts/yearly/2025
2025-08-21,763057,7,76,763,7,57,057,3057,https://keralalotteryresulttoday.com/charts/yearly/2025
2025-08-22,209957,2,20,209,7,57,957,9957,https://keralalotteryresulttoday.com/charts/yearly/2025
2025-08-23,261432,2,26,261,2,32,432,1432,https://keralalotteryresulttoday.com/charts/yearly/2025
2025-08-24,708923,7,70,708,3,23,923,8923,https://keralalotteryresulttoday.com/charts/yearly/2025
2025-08-25,377084,3,37,377,4,84,084,7084,https://keralalotteryresulttoday.com/charts/yearly/2025
2025-08-26,345939,3,34,345,9,39,939,5939,https://keralalotteryresulttoday.com/charts/yearly/2025
2025-08-27,636184,6,63,636,4,84,184,6184,https://keralalotteryresulttoday.com/charts/yearly/2025
2025-08-28,214059,2,21,214,9,59,059,4059,https://keralalotteryresulttoday.com/charts/yearly/2025
2025-08-29,302032,3,30,302,2,32,032,2032,https://keralalotteryresulttoday.com/charts/yearly/2025
2025-08-30,541229,5,54,541,9,29,229,1229,https://keralalotteryresulttoday.com/charts/yearly/2025
2025-08-31,122462,1,12,122,2,62,462,2462,https://keralalotteryresulttoday.com/charts/yearly/2025
2025-09-01,357510,3,35,357,0,10,510,7510,https://keralalotteryresulttoday.com/charts/yearly/2025
2025-09-02,502763,5,50,502,3,63,763,2763,https://keralalotteryresulttoday.com/charts/yearly/2025
2025-09-03,209551,2,20,209,1,51,551,9551,https://keralalotteryresulttoday.com/charts/yearly/2025
2025-09-04,336829,3,33,336,9,29,829,6829,https://keralalotteryresulttoday.com/charts/yearly/2025
2025-09-06,264265,2,26,264,5,65,265,4265,https://keralalotteryresulttoday.com/charts/yearly/2025
2025-09-07,339851,3,33,339,1,51,851,9851,https://keralalotteryresulttoday.com/charts/yearly/2025
2025-09-08,904272,9,90,904,2,72,272,4272,https://keralalotteryresulttoday.com/charts/yearly/2025
2025-09-09,296745,2,29,296,5,45,745,6745,https://keralalotteryresulttoday.com/charts/yearly/2025
2025-09-10,781756,7,78,781,6,56,756,1756,https://keralalotteryresulttoday.com/charts/yearly/2025
2025-09-11,313650,3,31,313,0,50,650,3650,https://keralalotteryresulttoday.com/charts/yearly/2025
2025-09-12,429773,4,42,429,3,73,773,9773,https://keralalotteryresulttoday.com/charts/yearly/2025
2025-09-13,939961,9,93,939,1,61,961,9961,https://keralalotteryresulttoday.com/charts/yearly/2025
2025-09-14,926709,9,92,926,9,09,709,6709,https://keralalotteryresulttoday.com/charts/yearly/2025
2025-09-15,325688,3,32,325,8,88,688,5688,https://keralalotteryresulttoday.com/charts/yearly/2025
2025-09-16,128727,1,12,128,7,27,727,8727,https://keralalotteryresulttoday.com/charts/yearly/2025
2025-09-17,195753,1,19,195,3,53,753,5753,https://keralalotteryresulttoday.com/charts/yearly/2025
2025-09-18,735716,7,73,735,6,16,716,5716,https://keralalotteryresulttoday.com/charts/yearly/2025
2025-09-19,870677,8,87,870,7,77,677,0677,https://keralalotteryresulttoday.com/charts/yearly/2025
2025-09-20,887616,8,88,887,6,16,616,7616,https://keralalotteryresulttoday.com/charts/yearly/2025
2025-09-21,235028,2,23,235,8,28,028,5028,https://keralalotteryresulttoday.com/charts/yearly/2025
2025-09-22,423775,4,42,423,5,75,775,3775,https://keralalotteryresulttoday.com/charts/yearly/2025
2025-09-23,840144,8,84,840,4,44,144,0144,https://keralalotteryresulttoday.com/charts/yearly/2025
2025-09-24,389960,3,38,389,0,60,960,9960,https://keralalotteryresulttoday.com/charts/yearly/2025
2025-09-25,430879,4,43,430,9,79,879,0879,https://keralalotteryresulttoday.com/charts/yearly/2025
2025-09-26,648907,6,64,648,7,07,907,8907,https://keralalotteryresulttoday.com/charts/yearly/2025
2025-09-28,507167,5,50,507,7,67,167,7167,https://keralalotteryresulttoday.com/charts/yearly/2025
2025-09-29,669175,6,66,669,5,75,175,9175,https://keralalotteryresulttoday.com/charts/yearly/2025
2025-09-30,500622,5,50,500,2,22,622,0622,https://keralalotteryresulttoday.com/charts/yearly/2025
2025-10-01,784922,7,78,784,2,22,922,4922,https://keralalotteryresulttoday.com/charts/yearly/2025
2025-10-03,823274,8,82,823,4,74,274,3274,https://keralalotteryresulttoday.com/charts/yearly/2025
2025-10-04,577825,5,57,577,5,25,825,7825,https://keralalotteryresulttoday.com/charts/yearly/2025
2025-10-05,275170,2,27,275,0,70,170,5170,https://keralalotteryresulttoday.com/charts/yearly/2025
2025-10-06,736437,7,73,736,7,37,437,6437,https://keralalotteryresulttoday.com/charts/yearly/2025
2025-10-07,313693,3,31,313,3,93,693,3693,https://keralalotteryresulttoday.com/charts/yearly/2025
2025-10-08,289424,2,28,289,4,24,424,9424,https://keralalotteryresulttoday.com/charts/yearly/2025
2025-10-09,511475,5,51,511,5,75,475,1475,https://keralalotteryresulttoday.com/charts/yearly/2025
2025-10-10,265228,2,26,265,8,28,228,5228,https://keralalotteryresulttoday.com/charts/yearly/2025
2025-10-11,705767,7,70,705,7,67,767,5767,https://keralalotteryresulttoday.com/charts/yearly/2025
2025-10-12,796935,7,79,796,5,35,935,6935,https://keralalotteryresulttoday.com/charts/yearly/2025
2025-10-13,219935,2,21,219,5,35,935,9935,https://keralalotteryresulttoday.com/charts/yearly/2025
2025-10-14,649740,6,64,649,0,40,740,9740,https://keralalotteryresulttoday.com/charts/yearly/2025
2025-10-15,867458,8,86,867,8,58,458,7458,https://keralalotteryresulttoday.com/charts/yearly/2025
2025-10-16,504987,5,50,504,7,87,987,4987,https://keralalotteryresulttoday.com/charts/yearly/2025
2025-10-17,749913,7,74,749,3,13,913,9913,https://keralalotteryresulttoday.com/charts/yearly/2025
2025-10-18,708982,7,70,708,2,82,982,8982,https://keralalotteryresulttoday.com/charts/yearly/2025
2025-10-19,718692,7,71,718,2,92,692,8692,https://keralalotteryresulttoday.com/charts/yearly/2025
2025-10-20,176282,1,17,176,2,82,282,6282,https://keralalotteryresulttoday.com/charts/yearly/2025
2025-10-21,638137,6,63,638,7,37,137,8137,https://keralalotteryresulttoday.com/charts/yearly/2025
2025-10-22,966451,9,96,966,1,51,451,6451,https://keralalotteryresulttoday.com/charts/yearly/2025
2025-10-23,539160,5,53,539,0,60,160,9160,https://keralalotteryresulttoday.com/charts/yearly/2025
2025-10-24,829220,8,82,829,0,20,220,9220,https://keralalotteryresulttoday.com/charts/yearly/2025
2025-10-25,115200,1,11,115,0,00,200,5200,https://keralalotteryresulttoday.com/charts/yearly/2025
2025-10-26,660690,6,66,660,0,90,690,0690,https://keralalotteryresulttoday.com/charts/yearly/2025
2025-10-27,435969,4,43,435,9,69,969,5969,https://keralalotteryresulttoday.com/charts/yearly/2025
2025-10-28,295782,2,29,295,2,82,782,5782,https://keralalotteryresulttoday.com/charts/yearly/2025
2025-10-29,806613,8,80,806,3,13,613,6613,https://keralalotteryresulttoday.com/charts/yearly/2025
2025-10-30,873206,8,87,873,6,06,206,3206,https://keralalotteryresulttoday.com/charts/yearly/2025
2025-10-31,580867,5,58,580,7,67,867,0867,https://keralalotteryresulttoday.com/charts/yearly/2025
2025-11-01,700735,7,70,700,5,35,735,0735,https://keralalotteryresulttoday.com/charts/yearly/2025
2025-11-02,135239,1,13,135,9,39,239,5239,https://keralalotteryresulttoday.com/charts/yearly/2025
2025-11-03,188930,1,18,188,0,30,930,8930,https://keralalotteryresulttoday.com/charts/yearly/2025
2025-11-04,526612,5,52,526,2,12,612,6612,https://keralalotteryresulttoday.com/charts/yearly/2025
2025-11-05,606067,6,60,606,7,67,067,6067,https://keralalotteryresulttoday.com/charts/yearly/2025
2025-11-06,799772,7,79,799,2,72,772,9772,https://keralalotteryresulttoday.com/charts/yearly/2025
2025-11-07,134919,1,13,134,9,19,919,4919,https://keralalotteryresulttoday.com/charts/yearly/2025
2025-11-08,727880,7,72,727,0,80,880,7880,https://keralalotteryresulttoday.com/charts/yearly/2025
2025-11-09,206740,2,20,206,0,40,740,6740,https://keralalotteryresulttoday.com/charts/yearly/2025
2025-11-10,409253,4,40,409,3,53,253,9253,https://keralalotteryresulttoday.com/charts/yearly/2025
2025-11-11,538938,5,53,538,8,38,938,8938,https://keralalotteryresulttoday.com/charts/yearly/2025
2025-11-12,139897,1,13,139,7,97,897,9897,https://keralalotteryresulttoday.com/charts/yearly/2025
2025-11-13,162584,1,16,162,4,84,584,2584,https://keralalotteryresulttoday.com/charts/yearly/2025
2025-11-14,660630,6,66,660,0,30,630,0630,https://keralalotteryresulttoday.com/charts/yearly/2025
2025-11-15,656500,6,65,656,0,00,500,6500,https://keralalotteryresulttoday.com/charts/yearly/2025
2025-11-16,294829,2,29,294,9,29,829,4829,https://keralalotteryresulttoday.com/charts/yearly/2025
2025-11-17,276402,2,27,276,2,02,402,6402,https://keralalotteryresulttoday.com/charts/yearly/2025
2025-11-18,562832,5,56,562,2,32,832,2832,https://keralalotteryresulttoday.com/charts/yearly/2025
2025-11-19,212503,2,21,212,3,03,503,2503,https://keralalotteryresulttoday.com/charts/yearly/2025
2025-11-20,531453,5,53,531,3,53,453,1453,https://keralalotteryresulttoday.com/charts/yearly/2025
2025-11-21,236370,2,23,236,0,70,370,6370,https://keralalotteryresulttoday.com/charts/yearly/2025
2025-11-22,545542,5,54,545,2,42,542,5542,https://keralalotteryresulttoday.com/charts/yearly/2025
2025-11-23,258190,2,25,258,0,90,190,8190,https://keralalotteryresulttoday.com/charts/yearly/2025
2025-11-24,142769,1,14,142,9,69,769,2769,https://keralalotteryresulttoday.com/charts/yearly/2025
2025-11-25,236846,2,23,236,6,46,846,6846,https://keralalotteryresulttoday.com/charts/yearly/2025
2025-11-26,740744,7,74,740,4,44,744,0744,https://keralalotteryresulttoday.com/charts/yearly/2025
2025-11-27,465954,4,46,465,4,54,954,5954,https://keralalotteryresulttoday.com/charts/yearly/2025
2025-11-28,882048,8,88,882,8,48,048,2048,https://keralalotteryresulttoday.com/charts/yearly/2025
2025-11-29,784733,7,78,784,3,33,733,4733,https://keralalotteryresulttoday.com/charts/yearly/2025
2025-11-30,664122,6,66,664,2,22,122,4122,https://keralalotteryresulttoday.com/charts/yearly/2025
2025-12-01,893060,8,89,893,0,60,060,3060,https://keralalotteryresulttoday.com/charts/yearly/2025
2025-12-02,249255,2,24,249,5,55,255,9255,https://keralalotteryresulttoday.com/charts/yearly/2025
2025-12-03,860212,8,86,860,2,12,212,0212,https://keralalotteryresulttoday.com/charts/yearly/2025
2025-12-04,598929,5,59,598,9,29,929,8929,https://keralalotteryresulttoday.com/charts/yearly/2025
2025-12-05,543537,5,54,543,7,37,537,3537,https://keralalotteryresulttoday.com/charts/yearly/2025
2025-12-06,289669,2,28,289,9,69,669,9669,https://keralalotteryresulttoday.com/charts/yearly/2025
2025-12-07,870925,8,87,870,5,25,925,0925,https://keralalotteryresulttoday.com/charts/yearly/2025
2025-12-08,107880,1,10,107,0,80,880,7880,https://keralalotteryresulttoday.com/charts/yearly/2025
2025-12-09,126019,1,12,126,9,19,019,6019,https://keralalotteryresulttoday.com/charts/yearly/2025
2025-12-10,940327,9,94,940,7,27,327,0327,https://keralalotteryresulttoday.com/charts/yearly/2025
2025-12-11,224262,2,22,224,2,62,262,4262,https://keralalotteryresulttoday.com/charts/yearly/2025
2025-12-12,435995,4,43,435,5,95,995,5995,https://keralalotteryresulttoday.com/charts/yearly/2025
2025-12-13,839146,8,83,839,6,46,146,9146,https://keralalotteryresulttoday.com/charts/yearly/2025
2025-12-14,136682,1,13,136,2,82,682,6682,https://keralalotteryresulttoday.com/charts/yearly/2025
2025-12-15,125465,1,12,125,5,65,465,5465,https://keralalotteryresulttoday.com/charts/yearly/2025
2025-12-16,820494,8,82,820,4,94,494,0494,https://keralalotteryresulttoday.com/charts/yearly/2025
2025-12-17,280502,2,28,280,2,02,502,0502,https://keralalotteryresulttoday.com/charts/yearly/2025
2025-12-18,466601,4,46,466,1,01,601,6601,https://keralalotteryresulttoday.com/charts/yearly/2025
2025-12-19,589486,5,58,589,6,86,486,9486,https://keralalotteryresulttoday.com/charts/yearly/2025
2025-12-20,500563,5,50,500,3,63,563,0563,https://keralalotteryresulttoday.com/charts/yearly/2025
2025-12-21,266869,2,26,266,9,69,869,6869,https://keralalotteryresulttoday.com/charts/yearly/2025
2025-12-22,133275,1,13,133,5,75,275,3275,https://keralalotteryresulttoday.com/charts/yearly/2025
2025-12-23,428173,4,42,428,3,73,173,8173,https://keralalotteryresulttoday.com/charts/yearly/2025
2025-12-24,607869,6,60,607,9,69,869,7869,https://keralalotteryresulttoday.com/charts/yearly/2025
2025-12-25,275785,2,27,275,5,85,785,5785,https://keralalotteryresulttoday.com/charts/yearly/2025
2025-12-26,336954,3,33,336,4,54,954,6954,https://keralalotteryresulttoday.com/charts/yearly/2025
2025-12-27,452429,4,45,452,9,29,429,2429,https://keralalotteryresulttoday.com/charts/yearly/2025
2025-12-28,445887,4,44,445,7,87,887,5887,https://keralalotteryresulttoday.com/charts/yearly/2025
2025-12-29,559235,5,55,559,5,35,235,9235,https://keralalotteryresulttoday.com/charts/yearly/2025
2025-12-30,804592,8,80,804,2,92,592,4592,https://keralalotteryresulttoday.com/charts/yearly/2025
2025-12-31,869610,8,86,869,0,10,610,9610,https://keralalotteryresulttoday.com/charts/yearly/2025
2026-01-01,315592,3,31,315,2,92,592,5592,https://keralalotteryresulttoday.com/charts/yearly/2026
2026-01-02,231825,2,23,231,5,25,825,1825,https://keralalotteryresulttoday.com/charts/yearly/2026
2026-01-03,294167,2,29,294,7,67,167,4167,https://keralalotteryresulttoday.com/charts/yearly/2026
2026-01-04,527820,5,52,527,0,20,820,7820,https://keralalotteryresulttoday.com/charts/yearly/2026
2026-01-05,783510,7,78,783,0,10,510,3510,https://keralalotteryresulttoday.com/charts/yearly/2026
2026-01-06,465345,4,46,465,5,45,345,5345,https://keralalotteryresulttoday.com/charts/yearly/2026
2026-01-07,766817,7,76,766,7,17,817,6817,https://keralalotteryresulttoday.com/charts/yearly/2026
2026-01-08,247439,2,24,247,9,39,439,7439,https://keralalotteryresulttoday.com/charts/yearly/2026
2026-01-09,525735,5,52,525,5,35,735,5735,https://keralalotteryresulttoday.com/charts/yearly/2026
2026-01-10,649494,6,64,649,4,94,494,9494,https://keralalotteryresulttoday.com/charts/yearly/2026
2026-01-11,749464,7,74,749,4,64,464,9464,https://keralalotteryresulttoday.com/charts/yearly/2026
2026-01-12,754024,7,75,754,4,24,024,4024,https://keralalotteryresulttoday.com/charts/yearly/2026
2026-01-13,468699,4,46,468,9,99,699,8699,https://keralalotteryresulttoday.com/charts/yearly/2026
2026-01-14,732910,7,73,732,0,10,910,2910,https://keralalotteryresulttoday.com/charts/yearly/2026
2026-01-15,743503,7,74,743,3,03,503,3503,https://keralalotteryresulttoday.com/charts/yearly/2026
2026-01-16,285002,2,28,285,2,02,002,5002,https://keralalotteryresulttoday.com/charts/yearly/2026
2026-01-17,409745,4,40,409,5,45,745,9745,https://keralalotteryresulttoday.com/charts/yearly/2026
2026-01-18,399421,3,39,399,1,21,421,9421,https://keralalotteryresulttoday.com/charts/yearly/2026
2026-01-19,830628,8,83,830,8,28,628,0628,https://keralalotteryresulttoday.com/charts/yearly/2026
2026-01-20,549137,5,54,549,7,37,137,9137,https://keralalotteryresulttoday.com/charts/yearly/2026
2026-01-21,839145,8,83,839,5,45,145,9145,https://keralalotteryresulttoday.com/charts/yearly/2026
2026-01-22,731141,7,73,731,1,41,141,1141,https://keralalotteryresulttoday.com/charts/yearly/2026
2026-01-23,700044,7,70,700,4,44,044,0044,https://keralalotteryresulttoday.com/charts/yearly/2026
2026-01-24,138455,1,13,138,5,55,455,8455,https://keralalotteryresulttoday.com/charts/yearly/2026
2026-01-25,428525,4,42,428,5,25,525,8525,https://keralalotteryresulttoday.com/charts/yearly/2026
2026-01-27,704507,7,70,704,7,07,507,4507,https://keralalotteryresulttoday.com/charts/yearly/2026
2026-01-28,904882,9,90,904,2,82,882,4882,https://keralalotteryresulttoday.com/charts/yearly/2026
2026-01-29,393805,3,39,393,5,05,805,3805,https://keralalotteryresulttoday.com/charts/yearly/2026
2026-01-30,207473,2,20,207,3,73,473,7473,https://keralalotteryresulttoday.com/charts/yearly/2026
2026-01-31,972477,9,97,972,7,77,477,2477,https://keralalotteryresulttoday.com/charts/yearly/2026
2026-02-01,390890,3,39,390,0,90,890,0890,https://keralalotteryresulttoday.com/charts/yearly/2026
2026-02-02,329983,3,32,329,3,83,983,9983,https://keralalotteryresulttoday.com/charts/yearly/2026
2026-02-03,272988,2,27,272,8,88,988,2988,https://keralalotteryresulttoday.com/charts/yearly/2026
2026-02-04,314235,3,31,314,5,35,235,4235,https://keralalotteryresulttoday.com/charts/yearly/2026
2026-02-05,303206,3,30,303,6,06,206,3206,https://keralalotteryresulttoday.com/charts/yearly/2026
2026-02-06,227873,2,22,227,3,73,873,7873,https://keralalotteryresulttoday.com/charts/yearly/2026
2026-02-07,521719,5,52,521,9,19,719,1719,https://keralalotteryresulttoday.com/charts/yearly/2026
2026-02-08,950063,9,95,950,3,63,063,0063,https://keralalotteryresulttoday.com/charts/yearly/2026
2026-02-09,196927,1,19,196,7,27,927,6927,https://keralalotteryresulttoday.com/charts/yearly/2026
2026-02-10,619712,6,61,619,2,12,712,9712,https://keralalotteryresulttoday.com/charts/yearly/2026
2026-02-11,261510,2,26,261,0,10,510,1510,https://keralalotteryresulttoday.com/charts/yearly/2026
2026-02-12,235001,2,23,235,1,01,001,5001,https://keralalotteryresulttoday.com/charts/yearly/2026
2026-02-13,797665,7,79,797,5,65,665,7665,https://keralalotteryresulttoday.com/charts/yearly/2026
2026-02-14,889462,8,88,889,2,62,462,9462,https://keralalotteryresulttoday.com/charts/yearly/2026
2026-02-15,194330,1,19,194,0,30,330,4330,https://keralalotteryresulttoday.com/charts/yearly/2026
2026-02-16,540307,5,54,540,7,07,307,0307,https://keralalotteryresulttoday.com/charts/yearly/2026
2026-02-17,595985,5,59,595,5,85,985,5985,https://keralalotteryresulttoday.com/charts/yearly/2026
2026-02-18,809210,8,80,809,0,10,210,9210,https://keralalotteryresulttoday.com/charts/yearly/2026
2026-02-19,785815,7,78,785,5,15,815,5815,https://keralalotteryresulttoday.com/charts/yearly/2026
2026-02-20,245689,2,24,245,9,89,689,5689,https://keralalotteryresulttoday.com/charts/yearly/2026
2026-02-21,668293,6,66,668,3,93,293,8293,https://keralalotteryresulttoday.com/charts/yearly/2026
2026-02-22,310268,3,31,310,8,68,268,0268,https://keralalotteryresulttoday.com/charts/yearly/2026
2026-02-23,826940,8,82,826,0,40,940,6940,https://keralalotteryresulttoday.com/charts/yearly/2026
2026-02-24,543647,5,54,543,7,47,647,3647,https://keralalotteryresulttoday.com/charts/yearly/2026
2026-02-25,500865,5,50,500,5,65,865,0865,https://keralalotteryresulttoday.com/charts/yearly/2026
2026-02-26,650286,6,65,650,6,86,286,0286,https://keralalotteryresulttoday.com/charts/yearly/2026
2026-02-27,161862,1,16,161,2,62,862,1862,https://keralalotteryresulttoday.com/charts/yearly/2026
2026-02-28,333913,3,33,333,3,13,913,3913,https://keralalotteryresulttoday.com/charts/yearly/2026
2026-03-01,587789,5,58,587,9,89,789,7789,https://keralalotteryresulttoday.com/charts/yearly/2026
2026-03-02,177692,1,17,177,2,92,692,7692,https://keralalotteryresulttoday.com/charts/yearly/2026
2026-03-03,765596,7,76,765,6,96,596,5596,https://keralalotteryresulttoday.com/charts/yearly/2026
2026-03-04,274794,2,27,274,4,94,794,4794,https://keralalotteryresulttoday.com/charts/yearly/2026
2026-03-05,855885,8,85,855,5,85,885,5885,https://keralalotteryresulttoday.com/charts/yearly/2026
2026-03-06,607844,6,60,607,4,44,844,7844,https://keralalotteryresulttoday.com/charts/yearly/2026
2026-03-07,527791,5,52,527,1,91,791,7791,https://keralalotteryresulttoday.com/charts/yearly/2026
2026-03-08,265184,2,26,265,4,84,184,5184,https://keralalotteryresulttoday.com/charts/yearly/2026
2026-03-09,705299,7,70,705,9,99,299,5299,https://keralalotteryresulttoday.com/charts/yearly/2026
2026-03-10,224420,2,22,224,0,20,420,4420,https://keralalotteryresulttoday.com/charts/yearly/2026
2026-03-11,543799,5,54,543,9,99,799,3799,https://keralalotteryresulttoday.com/charts/yearly/2026
2026-03-12,306349,3,30,306,9,49,349,6349,https://keralalotteryresulttoday.com/charts/yearly/2026
2026-03-13,520875,5,52,520,5,75,875,0875,https://keralalotteryresulttoday.com/charts/yearly/2026
2026-03-14,569383,5,56,569,3,83,383,9383,https://keralalotteryresulttoday.com/charts/yearly/2026
2026-03-15,216603,2,21,216,3,03,603,6603,https://keralalotteryresulttoday.com/charts/yearly/2026
2026-03-16,616697,6,61,616,7,97,697,6697,https://keralalotteryresulttoday.com/charts/yearly/2026
2026-03-17,307202,3,30,307,2,02,202,7202,https://keralalotteryresulttoday.com/charts/yearly/2026
2026-03-18,925315,9,92,925,5,15,315,5315,https://keralalotteryresulttoday.com/charts/yearly/2026
2026-03-19,221264,2,22,221,4,64,264,1264,https://keralalotteryresulttoday.com/charts/yearly/2026
2026-03-20,258453,2,25,258,3,53,453,8453,https://keralalotteryresulttoday.com/charts/yearly/2026
2026-03-21,889280,8,88,889,0,80,280,9280,https://keralalotteryresulttoday.com/charts/yearly/2026
2026-03-22,227808,2,22,227,8,08,808,7808,https://keralalotteryresulttoday.com/charts/yearly/2026
2026-03-23,179785,1,17,179,5,85,785,9785,https://keralalotteryresulttoday.com/charts/yearly/2026
2026-03-24,362618,3,36,362,8,18,618,2618,https://keralalotteryresulttoday.com/charts/yearly/2026
2026-03-25,597725,5,59,597,5,25,725,7725,https://keralalotteryresulttoday.com/charts/yearly/2026
2026-03-26,246185,2,24,246,5,85,185,6185,https://keralalotteryresulttoday.com/charts/yearly/2026
2026-03-27,369057,3,36,369,7,57,057,9057,https://keralalotteryresulttoday.com/charts/yearly/2026
2026-03-28,517026,5,51,517,6,26,026,7026,https://keralalotteryresulttoday.com/charts/yearly/2026
2026-03-29,422635,4,42,422,5,35,635,2635,https://keralalotteryresulttoday.com/charts/yearly/2026
2026-03-30,574710,5,57,574,0,10,710,4710,https://keralalotteryresulttoday.com/charts/yearly/2026
2026-03-31,307508,3,30,307,8,08,508,7508,https://keralalotteryresulttoday.com/charts/yearly/2026
2026-04-01,246443,2,24,246,3,43,443,6443,https://keralalotteryresulttoday.com/charts/yearly/2026
2026-04-02,382980,3,38,382,0,80,980,2980,https://keralalotteryresulttoday.com/charts/yearly/2026
2026-04-03,857805,8,85,857,5,05,805,7805,https://keralalotteryresulttoday.com/charts/yearly/2026
2026-04-04,265220,2,26,265,0,20,220,5220,https://keralalotteryresulttoday.com/charts/yearly/2026
2026-04-05,757518,7,75,757,8,18,518,7518,https://keralalotteryresulttoday.com/charts/yearly/2026
2026-04-06,543637,5,54,543,7,37,637,3637,https://keralalotteryresulttoday.com/charts/yearly/2026
2026-04-07,293778,2,29,293,8,78,778,3778,https://keralalotteryresulttoday.com/charts/yearly/2026
2026-04-08,572496,5,57,572,6,96,496,2496,https://keralalotteryresulttoday.com/charts/yearly/2026
2026-04-10,627618,6,62,627,8,18,618,7618,https://keralalotteryresulttoday.com/charts/yearly/2026
2026-04-11,665447,6,66,665,7,47,447,5447,https://keralalotteryresulttoday.com/charts/yearly/2026
2026-04-12,357901,3,35,357,1,01,901,7901,https://keralalotteryresulttoday.com/charts/yearly/2026
2026-04-13,153456,1,15,153,6,56,456,3456,https://keralalotteryresulttoday.com/charts/yearly/2026
2026-04-14,127849,1,12,127,9,49,849,7849,https://keralalotteryresulttoday.com/charts/yearly/2026
2026-04-15,889830,8,88,889,0,30,830,9830,https://keralalotteryresulttoday.com/charts/yearly/2026
2026-04-16,561807,5,56,561,7,07,807,1807,https://keralalotteryresulttoday.com/charts/yearly/2026
2026-04-17,632730,6,63,632,0,30,730,2730,https://keralalotteryresulttoday.com/charts/yearly/2026
2026-04-18,636784,6,63,636,4,84,784,6784,https://keralalotteryresulttoday.com/charts/yearly/2026
2026-04-19,586155,5,58,586,5,55,155,6155,https://keralalotteryresulttoday.com/charts/yearly/2026
2026-04-20,537563,5,53,537,3,63,563,7563,https://keralalotteryresulttoday.com/charts/yearly/2026
2026-04-21,285845,2,28,285,5,45,845,5845,https://keralalotteryresulttoday.com/charts/yearly/2026
2026-04-22,555400,5,55,555,0,00,400,5400,https://keralalotteryresulttoday.com/charts/yearly/2026
2026-04-23,384654,3,38,384,4,54,654,4654,https://keralalotteryresulttoday.com/charts/yearly/2026
2026-04-24,211038,2,21,211,8,38,038,1038,https://keralalotteryresulttoday.com/charts/yearly/2026
2026-04-25,794625,7,79,794,5,25,625,4625,https://keralalotteryresulttoday.com/charts/yearly/2026
2026-04-26,550672,5,55,550,2,72,672,0672,https://keralalotteryresulttoday.com/charts/yearly/2026
2026-04-27,569038,5,56,569,8,38,038,9038,https://keralalotteryresulttoday.com/charts/yearly/2026
2026-04-28,878851,8,87,878,1,51,851,8851,https://keralalotteryresulttoday.com/charts/yearly/2026
2026-04-29,442449,4,44,442,9,49,449,2449,https://keralalotteryresulttoday.com/charts/yearly/2026
2026-04-30,180857,1,18,180,7,57,857,0857,https://keralalotteryresulttoday.com/charts/yearly/2026
2026-05-02,710104,7,71,710,4,04,104,0104,https://keralalotteryresulttoday.com/charts/yearly/2026
2026-05-03,501536,5,50,501,6,36,536,1536,https://keralalotteryresulttoday.com/charts/yearly/2026
2026-05-04,178419,1,17,178,9,19,419,8419,https://keralalotteryresulttoday.com/charts/yearly/2026
2026-05-05,467230,4,46,467,0,30,230,7230,https://keralalotteryresulttoday.com/charts/yearly/2026
2026-05-06,932428,9,93,932,8,28,428,2428,https://keralalotteryresulttoday.com/charts/yearly/2026
2026-05-07,756438,7,75,756,8,38,438,6438,https://keralalotteryresulttoday.com/charts/yearly/2026
2026-05-08,355123,3,35,355,3,23,123,5123,https://keralalotteryresulttoday.com/charts/yearly/2026
2026-05-09,844574,8,84,844,4,74,574,4574,https://keralalotteryresulttoday.com/charts/yearly/2026
2026-05-10,902016,9,90,902,6,16,016,2016,https://keralalotteryresulttoday.com/charts/yearly/2026
2026-05-11,109041,1,10,109,1,41,041,9041,https://keralalotteryresulttoday.com/charts/yearly/2026
2026-05-12,502927,5,50,502,7,27,927,2927,https://keralalotteryresulttoday.com/charts/yearly/2026
2026-05-13,183883,1,18,183,3,83,883,3883,https://keralalotteryresulttoday.com/charts/yearly/2026
2026-05-14,725834,7,72,725,4,34,834,5834,https://keralalotteryresulttoday.com/charts/yearly/2026
2026-05-15,281074,2,28,281,4,74,074,1074,https://keralalotteryresulttoday.com/charts/yearly/2026
2026-05-16,684929,6,68,684,9,29,929,4929,https://keralalotteryresulttoday.com/charts/yearly/2026
2026-05-17,143965,1,14,143,5,65,965,3965,https://keralalotteryresulttoday.com/charts/yearly/2026
2026-05-18,788952,7,78,788,2,52,952,8952,https://keralalotteryresulttoday.com/charts/yearly/2026
2026-05-19,587861,5,58,587,1,61,861,7861,https://keralalotteryresulttoday.com/charts/yearly/2026
2026-05-20,314005,3,31,314,5,05,005,4005,https://keralalotteryresulttoday.com/charts/yearly/2026
2026-05-21,945080,9,94,945,0,80,080,5080,https://keralalotteryresulttoday.com/charts/yearly/2026
2026-05-22,885786,8,88,885,6,86,786,5786,https://keralalotteryresulttoday.com/charts/yearly/2026
2026-05-23,135452,1,13,135,2,52,452,5452,https://keralalotteryresulttoday.com/charts/yearly/2026
2026-05-24,232040,2,23,232,0,40,040,2040,https://keralalotteryresulttoday.com/charts/yearly/2026
2026-05-25,659839,6,65,659,9,39,839,9839,https://keralalotteryresulttoday.com/charts/yearly/2026
2026-05-26,904465,9,90,904,5,65,465,4465,https://keralalotteryresulttoday.com/charts/yearly/2026
2026-05-27,498197,4,49,498,7,97,197,8197,https://keralalotteryresulttoday.com/charts/yearly/2026
2026-05-28,555435,5,55,555,5,35,435,5435,https://keralalotteryresulttoday.com/charts/yearly/2026
2026-05-29,412785,4,41,412,5,85,785,2785,https://keralalotteryresulttoday.com/charts/yearly/2026
2026-05-30,144057,1,14,144,7,57,057,4057,https://keralalotteryresulttoday.com/charts/yearly/2026
2026-05-31,328862,3,32,328,2,62,862,8862,https://keralalotteryresulttoday.com/charts/yearly/2026
2026-06-01,681771,6,68,681,1,71,771,1771,https://keralalotteryresulttoday.com/charts/yearly/2026
2026-06-02,292349,2,29,292,9,49,349,2349,https://keralalotteryresulttoday.com/charts/yearly/2026
2026-06-03,494191,4,49,494,1,91,191,4191,https://keralalotteryresulttoday.com/charts/yearly/2026
2026-06-04,535010,5,53,535,0,10,010,5010,https://keralalotteryresulttoday.com/charts/yearly/2026
2026-06-05,587609,5,58,587,9,09,609,7609,https://keralalotteryresulttoday.com/charts/yearly/2026
2026-06-06,881627,8,88,881,7,27,627,1627,https://keralalotteryresulttoday.com/charts/yearly/2026
2026-06-07,852787,8,85,852,7,87,787,2787,https://keralalotteryresulttoday.com/charts/yearly/2026
2026-06-08,603224,6,60,603,4,24,224,3224,https://keralalotteryresulttoday.com/charts/yearly/2026
2026-06-09,715081,7,71,715,1,81,081,5081,https://keralalotteryresulttoday.com/charts/yearly/2026
2026-06-10,927572,9,92,927,2,72,572,7572,https://keralalotteryresulttoday.com/charts/yearly/2026
2026-06-11,995427,9,99,995,7,27,427,5427,https://keralalotteryresulttoday.com/charts/yearly/2026
2026-06-12,195668,1,19,195,8,68,668,5668,https://keralalotteryresulttoday.com/charts/yearly/2026
2026-06-13,516613,5,51,516,3,13,613,6613,https://keralalotteryresulttoday.com/charts/yearly/2026
2026-06-14,935347,9,93,935,7,47,347,5347,https://keralalotteryresulttoday.com/charts/yearly/2026
2026-06-15,987243,9,98,987,3,43,243,7243,https://keralalotteryresulttoday.com/charts/yearly/2026
2026-06-16,517126,5,51,517,6,26,126,7126,https://keralalotteryresulttoday.com/charts/yearly/2026
2026-06-17,557857,5,55,557,7,57,857,7857,https://keralalotteryresulttoday.com/charts/yearly/2026
2026-06-18,519786,5,51,519,6,86,786,9786,https://keralalotteryresulttoday.com/charts/yearly/2026
2026-06-19,366411,3,36,366,1,11,411,6411,https://keralalotteryresulttoday.com/charts/yearly/2026
2026-06-20,142351,1,14,142,1,51,351,2351,https://keralalotteryresulttoday.com/charts/yearly/2026
2026-06-21,784074,7,78,784,4,74,074,4074,https://keralalotteryresulttoday.com/charts/yearly/2026
2026-06-22,304203,3,30,304,3,03,203,4203,https://keralalotteryresulttoday.com/charts/yearly/2026
2026-06-23,871122,8,87,871,2,22,122,1122,https://keralalotteryresulttoday.com/charts/yearly/2026
2026-06-24,308547,3,30,308,7,47,547,8547,https://keralalotteryresulttoday.com/charts/yearly/2026
2026-06-25,184064,1,18,184,4,64,064,4064,https://keralalotteryresulttoday.com/charts/yearly/2026
2026-06-26,618248,6,61,618,8,48,248,8248,https://keralalotteryresulttoday.com/charts/yearly/2026
2026-06-27,372230,3,37,372,0,30,230,2230,https://keralalotteryresulttoday.com/charts/yearly/2026
2026-06-28,893044,8,89,893,4,44,044,3044,https://keralalotteryresulttoday.com/charts/yearly/2026
2026-06-29,685446,6,68,685,6,46,446,5446,https://keralalotteryresulttoday.com/charts/yearly/2026
2026-06-30,119013,1,11,119,3,13,013,9013,https://keralalotteryresulttoday.com/charts/yearly/2026
2026-07-01,777487,7,77,777,7,87,487,7487,https://keralalotteryresulttoday.com/charts/yearly/2026
2026-07-02,902530,9,90,902,0,30,530,2530,https://keralalotteryresulttoday.com/charts/yearly/2026
2026-07-03,545511,5,54,545,1,11,511,5511,https://keralalotteryresulttoday.com/charts/yearly/2026
2026-07-04,342721,3,34,342,1,21,721,2721,https://keralalotteryresulttoday.com/charts/yearly/2026
2026-07-05,454496,4,45,454,6,96,496,4496,https://keralalotteryresulttoday.com/charts/yearly/2026
2026-07-06,906028,9,90,906,8,28,028,6028,https://keralalotteryresulttoday.com/charts/yearly/2026
2026-07-07,308060,3,30,308,0,60,060,8060,https://keralalotteryresulttoday.com/charts/yearly/2026
2026-07-09,129287,1,12,129,7,87,287,9287,https://keralalotteryresulttoday.com/charts/yearly/2026
2026-07-10,114068,1,11,114,8,68,068,4068,https://keralalotteryresulttoday.com/charts/yearly/2026
2026-07-11,877888,8,87,877,8,88,888,7888,https://keralalotteryresulttoday.com/charts/yearly/2026
2026-07-12,915134,9,91,915,4,34,134,5134,https://keralalotteryresulttoday.com/charts/yearly/2026
2026-07-13,540430,5,54,540,0,30,430,0430,https://keralalotteryresulttoday.com/charts/yearly/2026
2026-07-14,663649,6,66,663,9,49,649,3649,https://keralalotteryresulttoday.com/charts/yearly/2026
2026-07-15,259202,2,25,259,2,02,202,9202,https://keralalotteryresulttoday.com/charts/yearly/2026
2026-07-16,228687,2,22,228,7,87,687,8687,https://keralalotteryresulttoday.com/charts/yearly/2026
2026-07-17,532370,5,53,532,0,70,370,2370,https://keralalotteryresulttoday.com/charts/yearly/2026
2026-07-18,576896,5,57,576,6,96,896,6896,https://keralalotteryresulttoday.com/charts/yearly/2026
2026-07-19,263925,2,26,263,5,25,925,3925,https://keralalotteryresulttoday.com/charts/yearly/2026
2026-07-20,709778,7,70,709,8,78,778,9778,https://keralalotteryresulttoday.com/charts/yearly/2026
2026-07-21,204699,2,20,204,9,99,699,4699,https://keralalotteryresulttoday.com/charts/yearly/2026
2026-07-22,474225,4,47,474,5,25,225,4225,https://keralalotteryresulttoday.com/charts/yearly/2026
2026-07-23,566404,5,56,566,4,04,404,6404,https://keralalotteryresulttoday.com/charts/yearly/2026
2026-07-24,227527,2,22,227,7,27,527,7527,https://keralalotteryresulttoday.com/charts/yearly/2026
2026-07-25,845108,8,84,845,8,08,108,5108,https://keralalotteryresulttoday.com/charts/yearly/2026
2026-07-26,383014,3,38,383,4,14,014,3014,https://keralalotteryresulttoday.com/charts/yearly/2026
2026-07-27,559773,5,55,559,3,73,773,9773,https://keralalotteryresulttoday.com/charts/yearly/2026
2026-07-28,109550,1,10,109,0,50,550,9550,https://keralalotteryresulttoday.com/charts/yearly/2026
2026-07-29,632928,6,63,632,8,28,928,2928,https://keralalotteryresulttoday.com/charts/yearly/2026
2026-07-30,725644,7,72,725,4,44,644,5644,https://keralalotteryresulttoday.com/charts/yearly/2026
2026-07-31,578727,5,57,578,7,27,727,8727,https://keralalotteryresulttoday.com/charts/yearly/2026
2026-08-01,247228,2,24,247,8,28,228,7228,https://keralalotteryresulttoday.com/charts/yearly/2026
2026-08-02,543482,5,54,543,2,82,482,3482,https://keralalotteryresulttoday.com/charts/yearly/2026
2026-08-03,737622,7,73,737,2,22,622,7622,https://keralalotteryresulttoday.com/charts/yearly/2026
2026-08-04,279975,2,27,279,5,75,975,9975,https://keralalotteryresulttoday.com/charts/yearly/2026
2026-08-05,380334,3,38,380,4,34,334,0334,https://keralalotteryresulttoday.com/charts/yearly/2026
2026-08-06,335769,3,33,335,9,69,769,5769,https://keralalotteryresulttoday.com/charts/yearly/2026
2026-08-07,467887,4,46,467,7,87,887,7887,https://keralalotteryresulttoday.com/charts/yearly/2026
2026-08-08,267199,2,26,267,9,99,199,7199,https://keralalotteryresulttoday.com/charts/yearly/2026
2026-08-09,236935,2,23,236,5,35,935,6935,https://keralalotteryresulttoday.com/charts/yearly/2026
2026-08-10,263322,2,26,263,2,22,322,3322,https://keralalotteryresulttoday.com/charts/yearly/2026
2026-08-11,501348,5,50,501,8,48,348,1348,https://keralalotteryresulttoday.com/charts/yearly/2026
2026-08-12,319327,3,31,319,7,27,327,9327,https://keralalotteryresulttoday.com/charts/yearly/2026
2026-08-13,809878,8,80,809,8,78,878,9878,https://keralalotteryresulttoday.com/charts/yearly/2026
2026-08-14,264587,2,26,264,7,87,587,4587,https://keralalotteryresulttoday.com/charts/yearly/2026
2026-08-16,246836,2,24,246,6,36,836,6836,https://keralalotteryresulttoday.com/charts/yearly/2026
2026-08-17,657325,6,65,657,5,25,325,7325,https://keralalotteryresulttoday.com/charts/yearly/2026
2026-08-18,968860,9,96,968,0,60,860,8860,https://keralalotteryresulttoday.com/charts/yearly/2026
2026-08-19,635866,6,63,635,6,66,866,5866,https://keralalotteryresulttoday.com/charts/yearly/2026
2026-08-20,789430,7,78,789,0,30,430,9430,https://keralalotteryresulttoday.com/charts/yearly/2026
2026-08-21,671695,6,67,671,5,95,695,1695,https://keralalotteryresulttoday.com/charts/yearly/2026
2026-08-22,159168,1,15,159,8,68,168,9168,https://keralalotteryresulttoday.com/charts/yearly/2026
2026-08-23,840315,8,84,840,5,15,315,0315,https://keralalotteryresulttoday.com/charts/yearly/2026
2026-08-24,585405,5,58,585,5,05,405,5405,https://keralalotteryresulttoday.com/charts/yearly/2026
2026-08-25,974999,9,97,974,9,99,999,4999,https://keralalotteryresulttoday.com/charts/yearly/2026
2026-08-27,320327,3,32,320,7,27,327,0327,https://keralalotteryresulttoday.com/charts/yearly/2026
2026-08-28,483799,4,48,483,9,99,799,3799,https://keralalotteryresulttoday.com/charts/yearly/2026
2026-08-29,192899,1,19,192,9,99,899,2899,https://keralalotteryresulttoday.com/charts/yearly/2026
2026-08-30,695593,6,69,695,3,93,593,5593,https://keralalotteryresulttoday.com/charts/yearly/2026
2026-08-31,870013,8,87,870,3,13,013,0013,https://keralalotteryresulttoday.com/charts/yearly/2026
2026-09-01,507288,5,50,507,8,88,288,7288,https://keralalotteryresulttoday.com/charts/yearly/2026
2026-09-02,267768,2,26,267,8,68,768,7768,https://keralalotteryresulttoday.com/charts/yearly/2026
2026-09-03,228280,2,22,228,0,80,280,8280,https://keralalotteryresulttoday.com/charts/yearly/2026
2026-09-04,685763,6,68,685,3,63,763,5763,https://keralalotteryresulttoday.com/charts/yearly/2026
